Domain,Count,Domain Type
vote.org,15213,Nonprofit
sos.state.co.us,1038,Government
justvotecolorado.org,113,Organization
jeffco.us,148,Government
arapahoevotes.gov,241,Government
usa.gov,25869,Government
adamscountycoelections.gov,76,Government
portal.ct.gov,1485,Government
ballotpedia.org,15262,Nonprofit
easthartfordct.gov,104,Government
citizenparticipation.westchestergov.com,364,Government
ctinsider.com,61,News
townofwindsorct.com,4
en.wikipedia.org,6614,Nonprofit
vote.gov,2129,Government
vote411.org,22233,Organization
nbcnews.com,5128,News
ballotready.org,2530,Organization
share.america.gov,87,Government
nycvotes.org,879,Organization
rockthevote.org,324,Nonprofit
aclu.org,1558,Organization
cookpolitical.com,1260,News,News
cbsnews.com,3787,News
270towin.com,6473,Organization
washingtonpost.com,1175,News
projects.fivethirtyeight.com,1644,News
meridenct.gov,115,Government
ncsl.org,1356,Government
dems.gov,324,Government
housedems.ct.gov,66,Government
pressgallery.house.gov,637,Government
twitter.com,298
house.gov,1465,Government
dccc.org,319,Organization
bridgeportct.gov,94,Government
bptgennowvotes.org,17,Organization
faithacts.org,10,Organization
sec.state.ma.us,2628,Government
myvote.wi.gov,2621,Government
nass.org,2489,Organization
coloradosos.gov,167,Government
riograndecounty.colorado.gov,11,Government
cityofmadison.com,229,News
eac.gov,1682,Government
sos.state.mn.us,339,Government
apnews.com,3461,News
theguardian.com,866,News
city.milwaukee.gov,400,Government
hartfordct.gov,109,Government
democrats.senate.gov,648,Government
bbc.com,2662,News
senatedems.delaware.gov,133,Government
dscc.org,312,Organization
senatedems.com,299
senatedems.ct.gov,138,Government
kff.org,3670,Nonprofit
now.org,1123,Organization
usnews.com,1855,News
floridiansprotectingfreedom.com,427
reproductiverights.org,1130,Organization
newhavenct.gov,118,Government
newhavenvoterguide.carrd.co,17
presidency.ucsb.edu,1483
deadline.com,324
constitutioncenter.org,324,Organization
fec.gov,4549,Government
c-span.org,292,News
debates.org,287,Organization
marathoncounty.gov,46,Government
pollfinder.sos.state.mn.us,60,Government
rfcity.org,31,Organization
ova.elections.il.gov,190,Government
trumbull-ct.gov,89,Government
norwalkct.gov,156,Government
stamfordct.gov,34,Government
vote.nyc,1354
facebook.com,374,Social Media
cea.org,39,Organization
newlondonct.gov,36,Government
vote.sos.ri.gov,802,Government
groton-ct.gov,8,Government
newbritainct.gov,115,Government
cityofwesthaven.com,27
ci.milford.ct.us,13,Government
cnn.com,5592,News
sos.la.gov,1520,Government
sos.ca.gov,5256,Government
wausauwi.gov,20,Government
eauclairewi.gov,50,Government
cityofabbotsfordwi.gov,12,Government
fvap.gov,2034,Government
tminstituteldf.org,4,Organization
abcnews.go.com,2814,News
npr.org,2956,News
today.yougov.com,378,Government
time.com,707,News
nytimes.com,5513,News
electionresults.hartfordct.gov,11,Government
hplct.org,11,Organization
portaldir.ct.gov,49,Government
bloomfieldct.gov,1,Government
mansfieldct.gov,4,Government
suffolkcountyny.gov,138,Government
plannedparenthoodaction.org,680,Organization
voteprochoice.us,1258,Government
latimes.com,654,News
reproductivefreedomforall.org,502,Organization
aljazeera.com,1772,News
elections.maryland.gov,1306,Government
meetings.washtenaw.org,256,Organization
elections.ny.gov,1598,Government
justfacts.votesmart.org,1031,Organization
libguides.peddie.org,363,Organization
thehill.com,667,News
budgetmodel.wharton.upenn.edu,599
votesmart.org,2122,Organization
my.lwv.org,208,Organization
naacpldf.org,1851,Organization
ctpost.com,14,News
movement.vote,324
amazon.com,1182
opensecrets.org,1306,Organization
fortune.com,356,News
bluewaveamerica.com,315
reuters.com,806,News
m.economictimes.com,292
forbes.com,509,News
capeandislands.org,1,Organization
douglas.co.us,120,Government
chaffeeclerk.colorado.gov,10,Government
pbs.org,661,News
allsides.com,166
glastonburyct.gov,44,Government
pewresearch.org,2386,News
news.gallup.com,2184,News
ey.com,324
fletcher.tufts.edu,249
newsweek.com,936,News,News
statista.com,294
prolifewi.org,45,Organization
sbaprolife.org,1039,Organization
wisconsinrighttolife.org,18,Organization
priestsforlife.org,321,Organization
rtl.org,40,Organization
wsj.com,174,News
kgw.com,215,News
westhartfordct.gov,109,Government
usatoday.com,1790,News
findmypollsite.vote.nyc,449
istockphoto.com,537
gettyimages.com,333
shutterstock.com,315
unsplash.com,288
bristolct.gov,75,Government
pollinglocations.hartford.gov,49,Government
leg.colorado.gov,117,Government
app.leg.wa.gov,232,Government
cde.state.co.us,11,Government
le.utah.gov,11,Government
nmlegis.gov,98,Government
newrepublic.com,232,News
floridapolitics.com,207
politico.com,1650,News
economist.com,539,News
nypost.com,335,News
guides.vote,922
madisonct.org,10,Organization
wallingfordct.gov,2,Government
wfsb.com,8,News
newingtonct.gov,54,Government
wearelee.org,324,Organization
apiavote.org,324,Nonprofit
carnegielibrary.libanswers.com,426
altamed.org,90,Organization
usvotefoundation.org,513,Nonprofit
city-of-bridgeport-gis-hub-bridgeportct.hub.arcgis.com,1
cga.ct.gov,31,Government
council.nyc.gov,53,Government
pavoterservices.pa.gov,273,Government
boardofreps.org,2,Organization
hamden.com,9
isidewith.com,439
texasallianceforlife.org,466,Organization
missourilifepac.org,221,Organization
southington.org,4,Organization
about.usps.com,48,Government
whenweallvote.org,7,Nonprofit
sos.nh.gov,93,Government
scvotes.gov,260,Government
housedems.com,61
housedems.delaware.gov,54,Government
nga.org,265,Organization
ap.org,63,News
theday.com,7,News
ctdata.org,52,Organization
cambridgema.gov,185,Government
montgomerycountypa.gov,137,Government
acluct.org,5,Organization
vote.phila.gov,382,Government
nj.gov,985,Government
boston.gov,913,Government
middlesexcountynj.gov,165,Government
lgbtmap.org,934,News
pa.gov,611,Government
middletownct.gov,76,Government
uwc.211ct.org,11,Organization
ctdems.org,6,Organization
moco360.media,9
amview.japan.usembassy.gov,148,Government
thirdway.org,192,Organization
newhartfordct.gov,17,Government
democracydocket.com,324
hrc.org,149,Organization
pagop.org,14,Organization
enfield-ct.gov,10,Government
democrats.org,227,Organization
applications.kanecountyil.gov,94,Government
cawp.rutgers.edu,368
ncsbe.gov,795,Government
youtube.com,861,Social Media
wauwatosa.net,35
jsonline.com,84,News
uwm.edu,77
factcheck.org,648,News
sanford.duke.edu,117
guides.bpl.org,283,Organization
wmur.com,175,News
poynter.org,44,News
axios.com,1837,News
seec.ct.gov,10,Government
ctpublic.org,2,Organization
kz.usembassy.gov,326,Government
texastribune.org,1055,News
senatedemocrats.wa.gov,4,Government
county.milwaukee.gov,12,Government
southmilwaukee.gov,25,Government
waukeshacounty.gov,15,Government
fox6now.com,10
ohiosos.gov,228,Government
brennancenter.org,543,Organization
elect.ky.gov,2,Government
dupagecounty.gov,484,Government
americansecuritycabinets.com,108
gop.gov,648,Government
cthousegop.com,1
about.bgov.com,232,Government
housegop.delaware.gov,295,Government
openelectiondata.net,324
loc.gov,343,Government
dictionary.cambridge.org,321,Organization
elections.virginia.gov,2033,Government
polyas.com,133
pac.wvforlife.org,23,Organization
electionhistory.ct.gov,4,Government
fox61.com,14,News
nlrb.gov,80,Government
newsnationnow.com,62
elections2024.thehill.com,125,News
racetothewh.com,163
senate.gov,433,Government
republicanleader.senate.gov,324,Government
indianasenaterepublicans.com,306
oregonlegislature.gov,377,Government
ctsenaterepublicans.com,265
pasenategop.com,90
mvic.sos.state.mi.us,523,Government
wisconsinindependent.com,1,News
lavote.gov,725,Government
voteidaho.gov,240,Government
mpl.org,46,Organization
prri.org,331,Organization
iwpr.org,315,Organization
supremecourt.gov,232,Government
trincoll.edu,1
elections.il.gov,445,Government
abc27.com,19
mainemorningstar.com,39
rnbgujarat.org,230,Organization
naacp.org,779,Organization
salon.com,204,News
jessica.substack.com,90
franciscanmedia.org,324,Organization
westalliswi.gov,22,Government
vox.com,409,News
candidate.checkr.com,15
ecode360.com,4
villageofshorewood.org,10,Organization
oakcreekwi.gov,5,Government
harriscountygop.com,88
westallislibrary.org,1,Organization
congress.gov,347,Government
census.gov,838,Government
govtrack.us,339,Government
ziplook.house.gov,161,Government
wisdems.org,2,Organization
emilyslist.org,698,Organization
runforsomething.net,276
lcv.org,131,Organization
hireright.com,12
sos.state.tx.us,15283,Government
southhadley.org,15,Organization
allvotingislocal.org,46,Organization
slate.com,12,News
voterlookup.elections.ny.gov,85,Government
voter.svrs.nj.gov,48,Government
franklinwi.gov,2,Government
voteamerica.org,92,Organization
voterstatus.sos.ca.gov,444,Government
mvp.sos.ga.gov,208,Government
lakecountyil.gov,269,Government
courant.com,3,News
patch.com,9,News
nbc4i.com,138
morriscountynj.gov,100,Government
politifact.com,233,News
westmilwaukee.org,6,Organization
houserepublicans.wa.gov,140,Government
wisaflcio.org,8,Organization
wfbf.com,3
wuwm.com,23
sandovalcountynm.gov,325,Government
webserver.rilin.state.ri.us,4,Government
legis.wisconsin.gov,34,Government
data-ltsb.opendata.arcgis.com,7
districtr.org,3,Organization
gis-ltsb.hub.arcgis.com,4
gis.lcc.mn.gov,12,Government
trentcentral.squarespace.com,49
nbcconnecticut.com,8
newbritainprogressive.com,3
durhamnc.maps.arcgis.com,3
transition.fec.gov,322,Government
calmatters.org,657,Organization
elections.maricopa.gov,897,Government
myballotmn.sos.state.mn.us,27,Government
villageoffoxpoint.com,11
elections.wi.gov,21,Government
pbswisconsin.org,16,Organization
wclapac.org,3,Organization
wheredoivote.co.uk,198
ri.gov,22,Government
norwichct.org,18,Organization
sos.alabama.gov,27,Government
elections.delaware.gov,50,Government
tmj4.com,12
wisn.com,13,News
greenwichct.gov,24,Government
pahousegop.com,106
cookcountyclerkil.gov,285,Government
cbs58.com,26
milwaukeelabor.org,1,Organization
ipsos.com,332
gmfus.org,345,Organization
fairvote.org,22,Nonprofit
tennessean.com,79,News
conncoll.libguides.com,51
elections.ulstercountyny.gov,24,Government
dos.elections.myflorida.com,326
vote.yale.edu,2
prochoicewashington.org,141,Organization
prochoiceminnesota.org,100,Organization
www2.cbia.com,5
wtnh.com,1,News
westportct.gov,3,Government
democrats-cha.house.gov,22,Government
hls.harvard.edu,260
wsaw.com,1
gis.meridenct.gov,1,Government
eastonct.gov,1,Government
socialworkers.org,64,Organization
wusa9.com,13
9news.com,28,News
mnvotes.sos.mn.gov,13,Government
commoncause.org,3,Organization
missouridemocrats.org,18,Organization
mailballot.sos.ri.gov,11,Government
telegraph.co.uk,183,News
sos.texas.gov,3282,Government
dallascountyvotes.org,671,Organization
captimes.com,3
deperewi.gov,4,Government
nyclu.org,26,Organization
gothamist.com,6
ctmirror.org,1,Organization
newhavenindependent.org,2,News
yaledailynews.com,57,News,News
nhrtl.org,2,Organization
deepriverct.us,1,Government
weau.com,14,News
eauclairecounty.gov,6,Government
elections.countyofdane.com,12
outagamie.org,2,Organization
calumetcounty.org,2,Organization
co.walworth.wi.us,53,Government
douglascountywi.gov,10,Government
co.lincoln.wi.us,3,Government
requestballot.vote.nyc,57
buckscounty.gov,103,Government
delcopa.gov,40,Government
makeaplantovote.com,53
jfklibrary.org,20,Organization
fox5ny.com,19,News
sos.iowa.gov,39,Government
framinghamma.gov,170,Government
menomonee-falls.org,6,Organization
loudoun.gov,459,Government
ftp2.wkow.com,1
co.bergen.nj.us,130,Government
19thnews.org,76,Organization
rollcall.com,28,News
fairfieldct.org,5,Organization
conncoll.edu,1
masscitizensforlife.org,17,Organization
m.facebook.com,30,Social Media
wisconsinwatch.org,8,Organization
prospect.org,11,News
kamalaharris.com,37
checkr.com,6
accurate.com,4
chesco.org,20,Organization
manchesterct.gov,1,Government
bostonglobe.com,20,News
town.north-haven.ct.us,1,Government
scnylegislature.us,7,Government
njleg.state.nj.us,31,Government
in.gov,5,Government
pac.org,258,Organization
newhavenvotes.org,1,Organization
newberlinwi.gov,2,Government
ctaflcio.org,2,Organization
council4.org,1,Organization
bloomberg.com,3,News
telegraphherald.com,1
spectrumlocalnews.com,24
salemct.gov,1,Government
16af.af.mil,36
vote.minneapolismn.gov,6,Government
electionreturns.pa.gov,31,Government
larson.house.gov,1,Government
hartfordschools.org,1,Organization
themdc.org,1,Organization
ctd.uscourts.gov,1,Government
progressivevotersguide.com,78
michiganearlyvote.com,21
chicagoelections.gov,460,Government
marquette.edu,2
jobs.aus.com,1
law.marquette.edu,1
lwv.org,125,Organization
afj.org,31,Organization
mps.milwaukee.k12.wi.us,5,Government
cms9files.revize.com,15
racinecounty.com,7
cookcountyil.gov,214,Government
kernvote.com,149
kget.com,21
turnto23.com,17
registertovote.ca.gov,98,Government
elections.saccounty.net,432
sfelections.org,339,Organization
alamedacountyca.gov,368,Government
rovservices.sccgov.org,380,Government
recorder.countyofventura.org,190,Organization
ventura.org,40,Organization
elections.sbcounty.gov,256,Government
voteinfo.net,132
riversideca.gov,38,Government
rivco.org,32,Organization
locator.lavote.gov,113,Government
statecourtreport.org,13,Organization
clerkandrecorder.elpasoco.com,137
alamosacounty.org,63,Organization
garfield-county.com,3
fresnocountyca.gov,114,Government
abc30.com,30,News
glendalevotes.org,26,Organization
ocvote.gov,190,Government
yourrialto.com,31
sdvote.com,296
voterguide.sos.ca.gov,353,Government
rbc.us,12,Government
tracer.sos.colorado.gov,5,Government
sf.gov,410,Government
ktvu.com,28,News
sfgov.org,34,Government
ssf.net,25
sjgov.org,242,Government
kqed.org,63,Organization
cavotes.org,46,Organization
lwvc.org,105,Organization
recorder.pima.gov,179,Government
countyofnapa.org,196,Organization
sonomacounty.ca.gov,80,Government
secure.sonoma-county.org,48,Organization
azsos.gov,336,Government
my.arizona.vote,136
readysetvotetucson.org,5,Organization
nbcsandiego.com,34,News,News
kerncountylibrary.org,5,Organization
lodi.gov,28,Government
sanbenitocounty-ca-cre.gov,65,Government
cityoforange.org,21,Organization
results.lavote.gov,42,Government
laist.com,7
clerk.lacity.gov,27,Government
vote.santaclaracounty.gov,248,Government
smcacre.gov,147,Government
hayward-ca.gov,56,Government
countyofmonterey.gov,115,Government
votescount.com,35
acvote.alamedacountyca.gov,195,Government
redwoodcity.org,46,Organization
smcgov.org,45,Government
countyofkingsca.gov,90,Government
voteearlyday.org,8,Organization
victorvilleca.gov,15,Government
votemadera.com,113
srcity.org,66,Organization
marincounty.org,35,Organization
yumacountyaz.gov,96,Government
yumaaz.gov,48,Government
azleg.gov,30,Government
bouldercounty.gov,27,Government
growsf.org,6,Organization
theleaguesf.org,3,Organization
countyofmerced.com,107
sacbee.com,245,News
azcleanelections.gov,179,Government
elections.cdn.sos.ca.gov,50,Government
ace.yolocounty.gov,32,Government
hpca.gov,3,Government
lacounty.gov,10,Government
contracostavote.gov,171,Government
danville.ca.gov,10,Government
cityofimperial.org,1,Organization
elections.imperialcounty.org,76,Organization
cityofelcentro.org,2,Organization
pima.gov,21,Government
anaheim.net,65
legacy.cityofirvine.org,4,Organization
lakeforestca.gov,6,Government
buenapark.com,1
kcra.com,26,News
cadem.org,113,Organization
lacdp.org,4,Organization
calaborfed.org,28,Organization
couragecalifornia.org,17,Organization
eqca.org,24,Organization
csueastbay.edu,23
vt.ncsbe.gov,108,Government
elections.saccounty.gov,35,Government
saclibrary.org,38,Organization
abc10.com,8,News
myvoterportal.saccounty.gov,18,Government
denvergov.org,125,Government
kdvr.com,31
nosscr.org,2,Organization
mercedsunstar.com,10,News
dmv.colorado.gov,8,Government
pinal.gov,26,Government
yavapaivotes.gov,8,Government
placercountyelections.gov,7,Government
stanvote.com,45
cityofturlock.org,3,Organization
maderacounty.com,11
findyourrep.legislature.ca.gov,47,Government
sdmg.senate.ca.gov,25,Government
sfchronicle.com,14,News
bakersfieldnow.com,10
bakersfield.com,2,News
countyofsb.org,43,Organization
sos.mo.gov,95,Government
larimer.gov,49,Government
experience.arcgis.com,58
tucsonaz.gov,65,Government
myballot.coloradosos.gov,28,Government
county.pueblo.org,4,Organization
phoenix.gov,77,Government
alamosacounty.colorado.gov,28,Government
elections.denverpost.com,8,News
cochise.az.gov,5,Government
archuletacounty.org,3,Organization
legacy.recorder.maricopa.gov,3,Government
lapaz.gov,1,Government
results.arizona.vote,7
georgia.gov,159,Government
absentee.vote411.org,3,Organization
weld.gov,4,Government
oxnard.gov,7,Government
ci.port-hueneme.ca.us,4,Government
calvoter.org,40,Organization
marketwatch.com,15,News
santacruzcountyaz.gov,84,Government
brightonco.gov,44,Government
votepalmbeach.gov,345,Government
coloradoea.org,6,Organization
denverlabor.org,4,Organization
longbeach.gov,11,Government
cityofpasadena.net,1
neighborhoodinfo.lacity.gov,1,Government
cityoffullerton.com,2
ontheissues.org,128,Organization
ca.gov,28,Government
gis.data.ca.gov,9,Government
kevinmullin.house.gov,2,Government
cityofnapa.org,9,Organization
wlv.org,5,Organization
nvsos.gov,149,Government
cityofsanmateo.org,6,Organization
democrats-armedservices.house.gov,15,Government
vvdailypress.com,6,News,News
tularecoelections.org,81,Organization
cohousedems.com,6
myusf.usfca.edu,6,Government
countyofcolusaca.gov,14,Government
nevadacountyca.gov,2,Government
indianasenatedemocrats.org,195,Organization
sonomacity.org,11,Organization
solanocounty.com,19
ocvote.org,1,Nonprofit
wfuogb.com,9
iop.harvard.edu,141
voterguide.sfelections.org,22,Organization
csea.com,1
berncoclerk.gov,425,Government
santafecountynm.gov,206,Government
clarkcountynv.gov,48,Government
today.usc.edu,1,Government
sandiego.gov,11,Government
ci.hanford.ca.us,14,Government
ballottrax.coloradosos.gov,15,Government
apscuf.org,51,Organization
bakersfieldcity.us,7,Government
louisvilleco.gov,1,Government
santa-ana.org,6,Organization
denver7.com,10
cityofmerced.org,11,Organization
broomfield.org,6,Organization
westminsterco.gov,8,Government
tritonsvote.ucsd.edu,22
gis-portal.sandiegocounty.gov,35,Government
modestogov.com,28,Government
modbee.com,13,News
countynewscenter.com,14
portofsandiego.org,2,Organization
pantheonstorage.blob.core.windows.net,2
sandiego.librarymarket.com,2
adcogov.org,3,Government
fremontcountyelectionsco.gov,2,Government
mainesenate.org,1,Organization
sangabrielcity.com,2
fresnoland.org,20,Organization
fresnobee.com,24,News
votemarion.gov,59,Government
thenevadaglobe.com,16
harrisvotes.com,3171
sanjosespotlight.com,4
sonypicturesjobs.com,1
sciencedirect.com,51
election.pressdemocrat.com,12,News
sanjoseinside.com,1
results.enr.clarityelections.com,141
mercurynews.com,2,News
sos.oregon.gov,281,Government
couragecaliforniainstitute.org,16,Organization
seattletimes.com,44,News
sos.wyo.gov,6,Government
kerncounty.com,2
kernhigh.org,1,Organization
arizona.vote,55
yourcentralvalley.com,22
fppc.ca.gov,29,Government
coloradosprings.gov,4,Government
bluevoterguide.org,30,Organization
coloradosun.com,8
kron4.com,1
duvalelections.com,41
eresults.saccounty.net,2
results.saccounty.net,2
cityofsacramento.gov,3,Government
results.saccounty.gov,3,Government
sanluisaz.gov,13,Government
sfpl.org,8,Organization
navajocountyaz.gov,1,Government
yoloelections.org,9,Organization
kvoa.com,8,News
azvoterguide.com,4
epcountyvotes.com,1625
kold.com,3,News
kgun9.com,2,News
msudenver.edu,1
co.routt.co.us,3,Government
sos.nebraska.gov,350,Government
ocregister.com,7,News
storageccec.blob.core.usgovcloudapi.net,4,Government
sites.omniballot.us,30,Government
fox10phoenix.com,22
electionmapsf.com,1
berkeleyca.gov,2,Government
huffpost.com,4,News
sanleandro.org,1,Organization
cityoflamesa.us,6,Government
riverbank.org,6,Organization
vote.indy.gov,88,Government
visalia.city,19
red.msudenver.edu,4
walnutcreekca.gov,12,Government
sjpl.org,16,Organization
denverchamber.org,3,Organization
www2.co.fresno.ca.us,2,Government
rcoe.us,1,Government
calvert.house.gov,1,Government
rivcocob.org,1,Organization
buttevotes.net,7
cochamber.com,3
abc15.com,2,News
contracosta.ca.gov,3,Government
arcgis.com,85
cityofmenifee.us,1,Government
sccdp.org,3,Organization
careers.sharp.com,1
employment.ucsd.edu,1
aol.com,4
district2.acgov.org,1,Government
oaklandca.gov,4,Government
chico.ca.us,2,Government
as.sdsu.edu,6
cpr.org,5,Organization
lwvcolorado.org,9,Organization
aclu-co.org,5,Organization
christianvoterguide.com,3
transformcolorado.org,1,Organization
denverpost.com,4,News
lwvdenver.org,2,Organization
csus.edu,16
ocfelections.com,367
rtd-denver.com,1
phoenixnewtimes.com,4,News
azdhs.gov,3,Government
kfl.org,42,Organization
jurupavalley.org,5,Organization
web2.co.merced.ca.us,12,Government
sanmiguelcountyco.gov,2,Government
kpbs.org,5,News
lwvsandiego.org,2,Organization
stancounty.com,1
rmpbs.org,6,News
azcentral.com,2,News,News
judyschwiebert.com,1,News
humanlifereview.com,79
coloradodems.org,6,Organization
independent.co.uk,75,News
voterportal.servis.sos.state.nm.us,370,Government
fortbendcountytx.gov,384,Government
ci.camarillo.ca.us,1,Government
alaskabeacon.com,37
napavalleyregister.com,1,News
apps.npr.org,16,News
surpriseaz.gov,3,Government
mesaaz.gov,1,Government
auroragov.org,1,Government
myvotemyhealth.org,1,Organization
smartvoter.org,1,Organization
britannica.com,57
kcm.org,1,Organization
sanjoseca.gov,4,Government
mtshastanews.com,1,News
cbs8.com,7
votehillsborough.gov,452,Government
maderacollege.edu,3
fox40.com,3
imperialcountydems.com,9
azhousedemocrats.com,1
map.cityofventura.net,2
statewidedatabase.org,8,Organization
tsfaction.org,4,Organization
rwcpulse.com,1
hanfordsentinel.com,1,News
a19.asmdc.org,1,Organization
sierraclub.org,48,Organization
pnj.com,1,News,News,News
pressdemocrat.com,1,News
russianriverbrewing.com,1
svvoice.com,1
actionnewsnow.com,1
ada.gov,11,Government
co.knox.il.us,8,Government
acgov.org,2,Government
pimamaps.pima.gov,2,Government
ballotboxservices.com,1
sos.nm.gov,1236,Government
elections.calaverasgov.us,1,Government
redistricting-irc-az.hub.arcgis.com,4
maps.elections.org.za,1,Organization
lwvtx.clubexpress.com,775
casetext.com,3
sbcity.org,6,Organization
browardvotes.gov,345,Government
isb.lavote.gov,5,Government
workingfamilies.org,9,Organization
fuelourdemocracy.com,82
10news.com,5,News
countyofglenn.net,2
chico.newsreview.com,1,News
buttecounty.net,1
apps.weld.gov,2,Government
historicalelectiondata.coloradosos.gov,1,Government
mesacounty.us,1,Government
sddemocrats.org,1,Organization
votetexas.gov,14675,Government
coloradopolitics.com,4
livevoterturnout.com,1
sfbos.org,1,Organization
sfelections.sfgov.org,1,Government
lwvnapa.com,1
mendocinocounty.gov,2,Government
azfamily.com,2,News
japantimes.co.jp,6,News
votesearch.utah.gov,145,Government
dalycity.org,1,Organization
cityofhanfordca.com,1
yorbalindaca.gov,3,Government
cityoforoville.org,1,Organization
salinaspubliclibrary.org,2,Organization
sbsun.com,2,News
ocgov.com,1,Government
spotlightpa.org,26,Organization
reformcalifornia.org,4,Organization
thedailybeast.com,2,News
kjzz.org,1,Organization
apps.azsos.gov,1,Government
redlands.edu,1
denverdemocrats.org,1,Organization
poway.org,2,Organization
thesungazette.com,4,News,News
sjsuvotes.org,2,Organization
visaliatimesdelta.com,2,News
losbanos.org,3,Organization
lwvtucson.org,5,Organization
denverite.com,1
coloradowins.org,2,Organization
suttercounty.org,2,Organization
teamrv-mvp.sos.texas.gov,373,Government
servicearizona.com,3
azaflcio.org,15,Organization
arizonalist.org,4,Organization
azmultihousing.org,4,Organization
tucsonrealtors.org,1,Organization
aznurse.org,3,Organization
stocktonca.gov,2,Government
vrems.scvotes.sc.gov,5,Government
sjsu.edu,2
humboldtgov.org,1,Government
riversidecountygop.com,1
capradio.org,1,Organization
cityofsacramento.org,1,Organization
saccounty.net,2
saccounty.gov,1,Government
bera.house.gov,1,Government
ebay.com,1
2024election.procon.org,50,Organization
headcount.org,2,Organization
misenategop.com,7
libguides.mjc.edu,3
votealachua.com,28
pubmed.ncbi.nlm.nih.gov,8,Government
electionmapping.ocgov.com,3,Government
sos.wa.gov,1681,Government
orangejuiceblog.com,1
voiceofoc.org,1,Organization
californiacitynews.org,1,Organization
cityofirvine.org,1,Organization
chalkbeat.org,41,Organization
thecalifornian.com,1,News
ksbw.com,2,News
issuu.com,1
aspentimes.com,1,News
leadershipcounsel.org,4,Organization
bluewavecoalitionmiamidade.com,21
cityofmarina.org,1,Organization
publicservice.asu.edu,2
coloradoforlife.org,2,Organization
tarrantdemocrats.org,51,Organization
bruinsvote.ucla.edu,2
schoolchoice.dpsk12.org,1,Organization
centennialco.gov,2,Government
tucson.com,1,News
lwvsonoma.org,1,Organization
hollister.ca.gov,1,Government
kktv.com,1
illinois.gov,16,Government
voteunion.com,2
cityofalhambra.org,2,Organization
data.stocktonca.gov,1,Government
sjmap.org,1,News
empowerla.org,1,Organization
phillipscounty.colorado.gov,1,Government
everyneighborhood.org,1,Organization
fresno.gov,1,Government
fresnolafco.org,1,Organization
valadaoforcongress.com,1
rollingstone.com,107
saltlakecounty.gov,292,Government
electionsapps.kerncounty.com,2
tucsonsentinel.com,1
cityofsalinas.org,2,Organization
madera.gov,1,Government
santamonica.gov,1,Government
calstatela.edu,1
voteseminole.gov,149,Government
one-colorado.org,1,Organization
nfib.com,52
valleychildrens.org,1,Organization
asucm.ucmerced.edu,1
yumagop.com,1
nationalcityca.gov,1,Government
chulavistaca.gov,1,Government
eshoo.house.gov,1,Government
kyma.com,1,News
sanbernardinodemocrats.org,1,Organization
main.sbcounty.gov,1,Government
bosd3.sbcounty.gov,1,Government
coronaca.gov,1,Government
spur.org,1,Organization
mahanforsanjose.com,1
nbcbayarea.com,1
knock-la.com,1
cid.usc.edu,1,Government
alamosacitizen.com,1
dlg.colorado.gov,1,Government
fcgov.com,1,Government
pimadems.org,1,Organization
myschoolstucson.org,1,Organization
kingcounty.gov,662,Government
web6.seattle.gov,80,Government
spl.org,57,Organization
yakimacounty.us,95,Government
whitewater-wi.gov,22,Government
tnsharonwcwi.gov,9,Government
snohomishcountywa.gov,256,Government
seattle.gov,22,Government
kitsap.gov,98,Government
veronawi.gov,18,Government
oconomowoc-wi.gov,17,Government
cityoflakegeneva.gov,6,Government
grantcountywa.gov,16,Government
douglascountywa.net,39
adacounty.id.gov,89,Government
sunnyside-wa.gov,50,Government
spokanecounty.org,106,Organization
clerk.kanecountyil.gov,89,Government
villageofsharon.com,19
cityofelkhorn.org,8,Organization
leg.wa.gov,25,Government
portland.gov,3,Government
voteroutreach.sos.mo.gov,7,Government
beloitwi.gov,6,Government
kcgov.us,35,Government
maps.cookcountyil.gov,9,Government
co.rock.wi.us,2,Government
lwvskc.org,11,Organization
piercecountywa.gov,69,Government
issaquahwa.gov,1,Government
ci.delavan.wi.us,3,Government
fox13seattle.com,25
redistricting.wa.gov,5,Government
dol.wa.gov,22,Government
cascadepbs.org,14,News
ethics.wi.gov,1,Government
kenmorewa.gov,3,Government
washingtonstatestandard.com,71,News
elections.sos.idaho.gov,67,Government
kenoshacounty.org,4,Organization
townofwalworthwi.gov,6,Government
townsharon.com,2
housedemocrats.wa.gov,24,Government
franklincountywa.gov,152,Government
islandcountywa.gov,15,Government
yakimaherald.com,4,News
cityoftacoma.org,3,Organization
jayapal.house.gov,1,Government
43rddemocrats.org,1,Organization
thurstoncountywa.gov,26,Government
washingtonea.org,14,Organization
wfse.org,7,Organization
mtpleasantwi.gov,1,Government
propublica.org,3,News
greencountywi.org,4,Organization
cityofsunprairie.com,5
wisconsinexaminer.com,2
detroitchamber.com,4
tvw.org,9,Organization
conservationvoters.org,5,Organization
weac.org,2,Organization
texas.gov,332,Government
gisit.tarrantcounty.com,351
fortworthtexas.gov,245,Government
tarrantcountytx.gov,361,Government
lwvtarrantcounty.org,29,Organization
fox4news.com,257
bexar.org,5588,County
web.go-vote-tn.elections.tn.gov,5,Government
lwvsa.org,198,Organization
statesman.com,1220,News
kwtx.com,19
statutes.capitol.texas.gov,663,Government
vote.betoorourke.com,749
msnbc.com,35,News
foxnews.com,39,News
abc11.com,35
wrm.capitol.texas.gov,310,Government
txdot.gov,424,Government
redistricting.capitol.texas.gov,301,Government
ftp.dot.state.tx.us,165,Government
thenation.com,33,News
co.winkler.tx.us,103,Government
dallasnews.com,9,News
texasrighttolifepac.com,155
texaspolitics.utexas.edu,97
cityofclovis.org,89,Organization
currycountynm.gov,31,Government
parkercountytx.com,115
kbtx.com,43
kxii.com,30
collincountytx.gov,390,Government
votedenton.gov,321,Government
ridetrinitymetro.org,25,Organization
reevescounty.org,108,Organization
pwcvotes.org,560,Organization
fairfaxcounty.gov,960,Government
vote.arlingtonva.gov,339,Government
manassasva.gov,761,Government
earlyvoting.dcboe.org,41,Organization
fairfaxvotes.org,42,Organization
votetravis.gov,943,Government
apps.texastribune.org,777,News
utsa.edu,125
nisd.net,93
planyourvotesa.org,119,Organization
mysanantonio.com,8,News
traviscountytx.gov,87,Government
countyclerk.traviscountytx.gov,150,Government
do512.com,69
austintexas.gov,180,Government
services.austintexas.gov,67,Government
gregabbott.com,397
houstonchronicle.com,203,News
congressionalinstitute.org,101,Organization
co.la-salle.tx.us,66,Government
wilcotx.gov,231,Government
voterservices.elections.maryland.gov,119,Government
texastaxpayers.com,146
texpac.org,149,Organization
ithaca.edu,45
news.bryant.edu,20
311.sanantonio.gov,26,Government
co.pecos.tx.us,50,Government
manassasparkva.gov,146,Government
montgomerycountymd.gov,241,Government
opendata.dc.gov,49,Government
texasdemocrats.org,684,Organization
lwvaustin.org,262,Organization
rollingwoodtx.gov,24,Government
cctexas.com,405
nuecesco.com,392
caller.com,42,News
webservices.sos.state.tx.us,786,Government
bbm.sos.state.tx.us,296,Government
law.lis.virginia.gov,43,Government
maps.openlaredo.com,3
open-laredo.opendata.arcgis.com,3
kgns.tv,127
cityoflaredo.com,24
cuellar.house.gov,3,Government
delawareonline.com,116,News
co.midland.tx.us,353,Government
sa.gov,27,Government
co.zapata.tx.us,68,Government
fortworthreport.org,7,Organization
bu.edu,22
manassascitydemocrats.org,31,Organization
fallschurchva.gov,98,Government
greenly.earth,33
tomgreencountytx.gov,132,Government
parkercountytx.gov,25,Government
results.texas-election.com,142
co.lamb.tx.us,10,Government
texaseducatorsvote.com,14
votelubbock.org,661,Organization
lubbockonline.com,113,News
everythinglubbock.com,20
kcbd.com,81
sanantonio.gov,53,Government
castro.house.gov,16,Government
txvaluesaction.org,34,Organization
co.willacy.tx.us,117,Government
hidalgocounty.us,330,Government
guides.lib.utexas.edu,38
apps.wilco.org,11,Organization
bellcountytx.com,60
news.cctexas.com,29
cityofportaransas.org,113,Organization
kiiitv.com,206
kristv.com,66,News
dwd.wisconsin.gov,1,Government
sedgwickcounty.org,185,Organization
vote.utah.gov,263,Government
albemarle.org,24,Organization
co.titus.tx.us,93,Government
guides.sll.texas.gov,88,Government
co.moore.tx.us,124,Government
webbcountytx.gov,356,Government
co.kendall.tx.us,74,Government
revivemyvote.wm.edu,6
spotsylvania.va.us,109,Government
fauquiercounty.gov,49,Government
washingtonexaminer.com,8,News
fox5dc.com,19
smith-county.com,73
jocoelection.org,151,Organization
herriman.gov,68,Government
mclennan.gov,214,Government
motherjones.com,19,News
tennesseelookout.com,13
valleycentral.com,149,News
cameroncountytx.gov,264,Government
ndsmcobserver.com,109,News
valverdecounty.texas.gov,194,Government
cityofdelrio.com,97
freevotersguide.com,155
lwvtexas.org,401,Organization
lmtonline.com,60,News
dispatch.com,3,News,News
web.culpepercounty.gov,137,Government
votebymailva.org,16,Organization
wslc.org,5,Organization
co.starr.tx.us,41,Government
dw.com,9,News
kermittexas.us,4,Government
kxan.com,24,News
kvue.com,35,News
evans.uw.edu,2
elections.mywoodcounty.com,40
greggcountyvotes.com,5
vrapp.sos.state.tx.us,36,Government
home.bexar.org,29,County
kens5.com,30
bushcenter.org,21,Organization
wmtw.com,30,News
johnsoncountytx.org,61,Organization
texashousedems.com,34
maverickdemocrats.com,76
sjc.utah.gov,34,Government
kaysville.gov,36,Government
co.cowlitz.wa.us,3,Government
katu.com,13,News
daviscountyutah.gov,50,Government
ksat.com,101
houstonpublicmedia.org,31,Organization
lwvwa.org,13,Organization
othellowa.gov,1,Government
lakevotes.gov,6,Government
co.adams.wa.us,1,Government
whitmancounty.org,4,Organization
ccisd.us,12,Government
nbcdfw.com,39
balconeswoods.swimtopia.com,19
northjersey.com,19,News
co.ector.tx.us,270,Government
app.enhancedvoting.com,58
tri-cityherald.com,3,News
brookings.edu,23
chamberscountytx.gov,13,Government
vpap.org,33,News
alexandriava.gov,33,Government
oregonlive.com,2,News
myfoxzone.com,16
co.wise.tx.us,5,Government
ketk.com,10
sanantonioreport.org,35,Organization
randallcounty.gov,82,Government
michael-webert.com,6,News
academics.umw.edu,1
vavoterguide.com,12
thevirginiavoterguide.com,4
atascosacounty.texas.gov,6,Government
charlottesville.gov,13,Government
fredericksburgva.gov,20,Government
madisonco.virginia.gov,14,Government
michigan.gov,353,Government
emsisd.com,5
krgv.com,2,News
co.terry.tx.us,26,Government
thepreamble.com,10
tribnow.com,7
oregoncapitalchronicle.com,1
cleanvirginia.org,4,Organization
multco.us,19,Government
clark.wa.gov,41,Government
cityofkeller.com,1
voterlookup.ohiosos.gov,7,Government
pasco-wa.gov,28,Government
lwvmd.org,7,Organization
illinoisrighttolifeaction.org,9,Organization
sos.tn.gov,10,Government
lubbockcounty.gov,14,Government
co.ward.tx.us,18,Government
tpr.org,1,Organization
co.ochiltree.tx.us,23,Government
monroecounty.gov,122,Government
bentoncountywa.gov,15,Government
vote.asuw.org,5,Organization
ccrta.org,20,Organization
redtoblue.dccc.org,8,Organization
weberelections.gov,14,Government
midlandtexas.gov,3,Government
midlandisd.net,1
kinggeorgecountyva.gov,2,Government
pwcva.gov,15,Government
whosmy.virginiageneralassembly.gov,33,Government
cline.house.gov,12,Government
planning.maryland.gov,6,Government
theconversation.com,3,News
newslit.org,1,Organization
secure.utah.gov,3,Government
nslcity.org,16,Organization
vote.utahcounty.gov,31,Government
ogdencity.com,7
txapps.texas.gov,18,Government
myrgv.com,23
imis.county.org,23,Organization
westjordan.utah.gov,2,Government
slc.gov,5,Government
wvc-ut.gov,2,Government
mrt.com,3,News,News
cityofrobstown.com,30,News
fox7austin.com,44
king5.com,15,News
summitcountyutah.gov,4,Government
gisweb.pwcva.gov,9,Government
wexton.house.gov,3,Government
apps.senate.virginia.gov,4,Government
fox23maine.com,3
yahoo.com,6
conchovalleyhomepage.com,25
wfaa.com,61,News
co.zavala.tx.us,21,Government
sistersunitedalliance.com,19
seattlechannel.org,18,Organization
voter.votewa.gov,7,Government
house.utleg.gov,1,Government
kptv.com,2,News
newswest9.com,27
allintovote.org,5,Nonprofit
kut.org,3,Organization
thestranger.com,2,News
13newsnow.com,5
khou.com,112,News
kflpac.org,17,Organization
apps.dcboe.org,12,Organization
tax-office.traviscountytx.gov,19,Government
portlandoregon.gov,6,Government
mddems.org,11,Organization
kendallcountytx.gov,11,Government
cfr.org,5,Organization
co.reagan.tx.us,7,Government
gazette.com,2,News
virginia.gop,1
washingtoncountyor.gov,1,Government
towntalkradio.com,1
co.sherman.tx.us,4,Government
texasgop.org,17,Organization
keprtv.com,8
splcenter.org,14,News
clovis-schools.org,2,Organization
co.guadalupe.tx.us,16,Government
electionresults.utah.gov,9,Government
tea.texas.gov,7,Government
psd1.org,4,Organization
elections.mctx.org,42,Organization
svrep.org,3,Organization
westlakehills.org,6,Organization
cotullaisd.net,2
candidate.texas-election.com,2
wgme.com,1,News
houstontx.gov,5,Government
thetexan.news,2
elections.alaska.gov,6,Government
ksl.com,3,News
cityofdelafield.com,1
tota.org,3,Organization
voter.virginiabeach.gov,5,Government
mynorthwest.com,3
ci.sherman.tx.us,1,Government
co.comal.tx.us,10,Government
orem.org,6,Organization
hanovercounty.gov,8,Government
rockinghamcountyva.gov,3,Government
lwv-cctx.clubexpress.com,2
votervoice.net,10
princegeorgescountymd.gov,43,Government
wtvr.com,11
highplainsobserverdumas.com,3
cityoffortstockton.com,4
utah.gov,6,Government
boxeldercountyut.gov,5,Government
highlandut.gov,3,Government
utahcounty.gov,7,Government
tetoncountywy.gov,2,Government
lehi-ut.gov,1,Government
ktalnews.com,3
sslc.gov,2,Government
grandcountyutah.net,3
ci.lubbock.tx.us,8,Government
betterutahinstitute.org,4,Organization
acluutah.org,1,Organization
virginiamercury.com,10
news4sanantonio.com,10
austinchronicle.com,4,News
opb.org,3,Organization
arlingtontx.gov,4,Government
ahomewithhope.org,3,Organization
wdbj7.com,7
whsv.com,3,News
rideuta.com,2
www8.honolulu.gov,6,Government
missioncitycontainer.com,5
powhatanva.gov,5,Government
virginiabeach.gov,2,Government
reddit.com,4
precinctportal.org,8,Organization
othelloschools.org,3,Organization
weber.house.gov,1,Government
chicagotribune.com,10,News
vote.elections.virginia.gov,27,Government
policy.thsc.org,118,Organization
frederickcountymd.gov,35,Government
sos.arkansas.gov,1,Government
stateline.org,1,Organization
young.scot,2
loudountimes.com,2,News
wthr.com,1,News
gis.elpasotexas.gov,6,Government
arkansashouse.org,2,Organization
star-telegram.com,4,News,News
ucdavis.edu,89
fox26houston.com,50
artexas.org,7,Organization
deseret.com,1
brazoriacountyclerktx.gov,24,Government
centerforpolitics.org,53,Organization
atxtoday.6amcity.com,2
seiu775.org,2,Organization
wa.aft.org,2,Organization
seiu925.org,2,Organization
fcva.us,1,Government
neisd.net,2
norfolk.gov,4,Government
bigbendsentinel.com,2,News
myhighplains.com,1
firstalert7.com,5
www2.tulsacounty.org,15,Organization
mgaleg.maryland.gov,5,Government
yourbasin.com,3
irs.gov,4,Government
huntcounty.net,1
tcta.org,2,Organization
orangecountyva.gov,1,Government
civilrights.org,3,Organization
co.ellis.tx.us,5,Government
cascadiadaily.com,1
kuer.org,1,Organization
expressnews.com,8,News,News
suffolkva.us,2,Government
nces.ed.gov,3,Government
doggett.house.gov,1,Government
sos.ks.gov,768,Government
dumasisd.org,1,Organization
vote.poweredxpeople.org,2,Organization
nnva.gov,1,Government
louisacounty.gov,5,Government
iredellcountync.gov,2,Government
cbsaustin.com,3
shenandoahcountyva.gov,1,Government
teachdemocracy.org,102,Organization
library.csum.edu,87
the-independent.com,48,News
sarasotavotes.gov,84,Government
economics.byu.edu,111
educationvotes.nea.org,93,Organization
cnbc.com,8,News
wake.gov,1,Government
nationalreview.com,2,News
electoralcommission.ie,3
uscode.house.gov,20,Government
bakerinstitute.org,2,Organization
yakimawa.gov,1,Government
hopewellva.gov,1,Government
nrlc.org,9,Organization
vahousedems.org,2,Organization
summitcounty.org,1,Organization
secretservice.gov,5,Government
krem.com,3,News
epbusinessjournal.com,1,News
votebeat.org,5,Organization
krtv.com,6
pottercountytexasvotes.gov,8,Government
dcovotes.dconc.gov,1,Government
sos.idaho.gov,11,Government
progresstexas.org,3,Organization
fox13now.com,1,News
indivisible.org,1,Organization
jamescitycountyva.gov,1,Government
theweek.com,1,News,News
cnet.com,5
variety.com,8,News
texasaft.org,1,Organization
ci.brookfield.wi.us,1,Government
fitchburgwi.gov,1,Government
vote.wisc.edu,1
lwvme.org,8,Organization
champaigncountyclerk.com,2
esc17.net,1
newscientist.com,1
cdn.kingcounty.gov,1,Government
sanpatriciocountytx.gov,1,Government
co.presidio.tx.us,1,Government
wellesleyma.gov,17,Government
wbur.org,2,Organization
businessinsider.com,1,News,News
brandeis.edu,1
euronews.com,3,News
barrons.com,1,News
waterburyct.org,80,Organization
lee.vote,258
dos.fl.gov,1206,Government
voterfocus.com,157
news-press.com,28,News
colliervotes.gov,127,Government
fox4now.com,19
votedesoto.com,50
miamidade.gov,263,Government
myfloridaelections.com,309
clickorlando.com,3
orlando.gov,47,Government
volusiaelections.gov,9,Government
lakevotes.com,137
voteosceola.gov,146,Government
votecitrus.gov,35,Government
wusf.org,32,Organization
polkelections.com,248
voteindianriver.com,65
hendryelections.org,64,Organization
votemanatee.com,174
deliveryourvote.com,69
ocfelections.gov,48,Government
voteindianriver.gov,21,Government
orlandosentinel.com,19,News
ruthslistfl.org,9,Organization
sun-sentinel.com,18,News
feaweb.org,14,Organization
flic.vote,46
pascovotes.gov,69,Government
miamiherald.com,8,News
files.floridados.gov,29,Government
whosontheballot.org,87,Organization
osceolavotes.com,9
registration.elections.myflorida.com,20
registertovoteflorida.gov,85,Government
soecharlottecountyfl.gov,38,Government
votepinellas.gov,182,Government
wesh.com,61,News
votebrevard.gov,37,Government
ocls.org,2,Organization
wtsp.com,18,News
hernandovotes.gov,8,Government
gwtoday.gwu.edu,17
slcelections.com,11
miamidadedems.org,24,Organization
flsenate.gov,14,Government
discover.pbc.gov,1,Government
myfloridahouse.gov,65,Government
discover.pbcgov.org,1,Government
windhamct.gov,35,Government
states.aarp.org,22,Organization
miami.gov,30,Government
southbury-ct.org,5,Organization
polkelections.gov,1,Government
stpete.org,20,Organization
boynton-beach.org,10,Organization
gis.waterburyct.org,2,Organization
highereddive.com,8
pbcdemocraticparty.org,26,Organization
wpbf.com,5,News
flaglerelections.com,18
tampabay.com,13,News
votehighlands.com,7
aclufl.org,27,Organization
sumterelections.org,19,Organization
tripartisancanvas.com,11
floridafamilyaction.org,4,Organization
fortlauderdale.gov,14,Government
results.elections.myflorida.com,14
floridaelectionwatch.gov,14,Government
palmbeachvotes.gov,4,Government
gis.fortlauderdale.gov,21,Government
browarddemocrats.org,28,Organization
11alive.com,14,News
shop.bluewavepostcards.org,4,Organization
lwvnewton.org,79,Organization
capecoralbreeze.com,1
coralspringstalk.com,3
lauderdalelakes.org,4,Organization
fox35orlando.com,7,News
mobilize.us,1,Government
hindustantimes.com,88,News
citynmb.com,17
local10.com,3,News
semdems.com,6
palmettobay-fl.gov,10,Government
miamibeachfl.gov,9,Government
lwvspa.org,10,Organization
aftct.org,1,Organization
stpetebeach.org,4,Organization
ulpbc.org,6,Organization
boyntonbeachcra.com,1
flsd.uscourts.gov,14,Government
greenwichtime.com,1,News,News
thehour.com,3,News
ocoee.org,20,Organization
nonprofitvote.org,8,Nonprofit
townofpalmbeach.com,1
darienct.gov,3,Government
hollywoodfl.org,1,Organization
rep-am.com,2,News
lwvmiamidade.org,4,Organization
broward.org,3,Organization
ilovetheburg.com,1
wfla.com,1,News
files.pinellas.electionsfl.org,1,Organization
engage.miami,2
lakelandgov.net,9,Government
dolphindems.org,2,Organization
ncbi.nlm.nih.gov,11,Government
dailykos.com,13,News
orangecountyfl.net,1
cityofbonitasprings.org,3,Organization
tampa.gov,2,Government
lighthousepointfl.gov,1,Government
naplesnews.com,1,News
wlrn.org,1,Organization
watertownct.org,2,Organization
lwvbroward.org,6,Organization
capecoral.gov,3,Government
floridadems.org,1,Organization
theledger.com,2,News
osceola.org,1,Organization
mdc.edu,3
icpsr.umich.edu,1
stamfordelections.com,1
nhrtlpac.org,16,Organization
gis.hcso.tampa.fl.us,1,Government
myboca.us,1,Government
delraybeachfl.gov,1,Government
ci.punta-gorda.fl.us,1,Government
wsvn.com,1,News
steube.house.gov,1,Government
pinellas.gov,1,Government
geohub-csp.opendata.arcgis.com,1
vernon-ct.gov,1,Government
cms4files.revize.com,1
leegov.com,1,Government
uri.edu,7
courtney.house.gov,1,Government
highlandbeach.us,1,Government
avonct.gov,1,Government
abcactionnews.com,1
orangefldemocrats.com,3
cityofwinterpark.org,1,Organization
lauderdalebythesea-fl.gov,1,Government
holyoke.org,98,Organization
easthamptonma.gov,26,Government
springfield-ma.gov,114,Government
fitchburgma.gov,197,Government
worcesterma.gov,239,Government
mass.gov,610,Government
tewksbury-ma.gov,10,Government
altamonte.org,17,Organization
chelseama.gov,43,Government
newtonma.gov,53,Government
finneycounty.org,126,Organization
willcountyclerk.gov,93,Government
darien.il.us,20,Government
fordcounty.net,73
lowellma.gov,156,Government
cityofmethuen.net,34
methuen.gov,43,Government
gwinnettcounty.com,130
lawrencevillega.org,8,Organization
news.wttw.com,17
nbcchicago.com,80
myvoteinfo.voteks.org,77,Organization
kceb.org,54,Organization
watertown-ma.gov,48,Government
unitedcenter.com,9
votesforwomen.cliohistory.org,2,Organization
ivoterguide.com,8
woodsoncounty.net,26
wycovoteskck.gov,25,Government
dgcoks.gov,78,Government
somervillema.gov,135,Government
brooklinema.gov,30,Government
boston.com,4,News
revere.org,96,Organization
kansas.gov,40,Government
northamptonma.gov,69,Government
lynnma.gov,102,Government
cspa.tufts.edu,24
cityofeverett.com,46
bmrb.org,1,Organization
naperville.il.us,55,Government
abc7chicago.com,41
leominster-ma.gov,91,Government
bonnevillecountyidaho.gov,42,Government
co.jefferson.id.us,6,Government
gaithersburgmd.gov,108,Government
cityofarcadiawi.com,39
forsythco.com,2
concordma.gov,37,Government
wcvb.com,18
cityoflawrence.com,169
electionstats.state.ma.us,24,Government
westernmassnews.com,4
wycokck.org,6,Organization
chicagovotes.com,4,Government
lwvchicago.org,2,Organization
wibw.com,6
kctv5.com,4
kwch.com,6
miamicountyks.org,1,Organization
andoverma.gov,8,Government
bostonplans.org,13,Organization
malegislature.gov,67,Government
cityofboston.gov,3,Government
fultoncountyga.gov,47,Government
theatlantavoice.com,18,News
aurora-il.org,52,Organization
chippewafalls-wi.gov,11,Government
sewardcountyks.org,109,Organization
lexingtonma.gov,23,Government
rileycountyks.gov,71,Government
gearycounty.org,5,Organization
plymouth-ma.gov,14,Government
gurnee.il.us,18,Government
lowellvotes.org,12,Organization
salemstate.edu,29
cms5.revize.com,12
needhamma.gov,5,Government
weston.org,6,Organization
clintonma.gov,67,Government
civicengagement.illinoisstate.edu,22
illinoisvoterguide.org,24,Organization
annapolis.gov,7,Government
jcebmo.org,13,Organization
salemma.gov,50,Government
howardcountymd.gov,31,Government
app.chicagoelections.com,14
cityofwestfield.org,24,Organization
middleboroughma.gov,12,Government
sos.ga.gov,40,Government
cityofmalden.org,20,Organization
kssos.org,33,Organization
securemyabsenteeballot.sos.ga.gov,5,Government
dekalbcountyga.gov,20,Government
boe.baltimorecity.gov,8,Government
nhpr.org,5,Organization
rockvillemd.gov,4,Government
iecam.illinois.edu,6
ides.illinois.gov,10,Government
lwvil.org,5,Organization
votersguide.elections.il.gov,4,Government
arlingtonma.gov,14,Government
quincyma.gov,12,Government
elections.carrollcountymd.gov,12,Government
bucoks.com,4
kshb.com,2
stephanieskora.com,2
chelmsfordma.gov,9,Government
electionsource.com,19
personalpac.org,8,Organization
calvertcountymd.gov,4,Government
baltimorecountymd.gov,2,Government
wbaltv.com,2,News
henrycty.com,1
ecfr.eu,8
marylandattorneygeneral.gov,7,Government
aurorapubliclibrary.org,4,Organization
waukegantownship.com,7
idahocapitalsun.com,3
votercheck.necvr.ne.gov,92,Government
electionresults.dcboe.org,1,Organization
gis3.montgomerycountymd.gov,4,Government
dupage.maps.arcgis.com,2
ashlandmass.com,5
medfordma.org,1,Organization
gardner-ma.gov,4,Government
montanaindependentnews.com,4,News
elections.inyocounty.us,1,Government
forestpark.net,2
elections.suntimes.com,2,News
gacities.com,1
nikemawilliams.house.gov,1,Government
nbcboston.com,1,News
brockton.ma.us,5,Government
chicago.suntimes.com,2,News
idahofallsidaho.gov,2,Government
eagletribune.com,1,News
ask.salemstate.edu,3
coloradosenaterepublicans.com,1
acluidaho.org,4,Organization
idahocounty.org,3,Organization
wnpl.info,2
lynnunited.org,5,Organization
natesilver.net,11
stlouiscountymo.gov,1,Government
marlborough-ma.gov,1,Government
app.sos.nh.gov,3,Government
lakevillema.org,3,Organization
wwlp.com,8,News
cumberlandcountypa.gov,4,Government
co.lancaster.pa.us,17,Government
lwvmocomd.org,4,Organization
aclu-il.org,6,Organization
accgov.com,3,Government
claytoncountyga.gov,3,Government
co.newton.ga.us,1,Government
gwinnettdailypost.com,1,News
ilhousedems.com,1
thebeaconnews.org,3,Organization
minidoka.id.us,5,Government
kslegislature.gov,13,Government
blockclubchicago.org,14,Organization
anc.dc.gov,1,Government
marylandmatters.org,3,Organization
localnews8.com,2
ktvb.com,1,News
cobbcounty.org,3,Organization
hingham-ma.gov,1,Government
sandwichmass.org,1,Organization
greenvoterguidema.com,6
gophouse.org,2,Organization
sdsos.gov,12,Government
danversma.gov,4,Government
amherstma.gov,3,Government
opkansas.org,2,Organization
northandoverma.gov,2,Government
equalityillinois.us,5,Government
kanecountyil.gov,1,Government
ilsos.gov,3,Government
iga.in.gov,3,Government
snco.gov,5,Government
kdor.ks.gov,13,Government
lwvk.org,2,Organization
bostonherald.com,1,News
kansasreflector.com,2,News
uml.edu,1
votesjc.gov,1,Government
vniles.com,1
eapl.org,3,Organization
co.fremont.id.us,5,Government
maps.lakecountyil.gov,5,Government
legislature.idaho.gov,5,Government
cityofboise.org,1,Organization
pahouse.com,9
indianexpress.com,15,News
dupageresults.gov,2,Government
ksrevisor.org,1,Organization
lincolntown.org,1,Organization
georgiademocrat.org,1,Organization
wilbraham-ma.gov,2,Government
boston25news.com,2
operations.chicagopolice.org,1,Organization
chicago.gov,1,Government
projects.chalkbeat.org,1,Organization
gwinnettchamber.org,1,Organization
nz.usembassy.gov,4,Government
brcoks.org,1,Organization
westmont.illinois.gov,8,Government
votedouglascounty.com,99
s3.us-west-2.amazonaws.com,1,Government
richmccormick.us,4,Government
gwinnettdemocrats.com,3
tnmap.tn.gov,1,Government
thegeorgiavoterguide.com,1
ajc.com,1,News
mcdcc.org,2,Organization
kcmo.gov,3,Government
maps.jocogov.org,1,Government
kansasfamilyvoice.com,1
bpl.org,2,Organization
readingma.gov,2,Government
kendallcountyil.gov,4,Government
burnettcountywi.gov,4,Government
wheaton.il.us,1,Government
richardhowe.com,1
msa.maryland.gov,2,Government
mdpgis.mdp.state.md.us,1,Government
lacrossecounty.org,1,Organization
electionresults.sos.state.mn.us,1,Government
co.trempealeau.wi.us,1,Government
washingtoncountymn.gov,3,Government
dedham-ma.gov,2,Government
lynntv.org,2,Organization
cityofhaverhill.com,1
lkldnow.com,1
berriencounty.org,13,Organization
twinfallscounty.org,1,Organization
thewomens.org.au,1,Organization
waltoncountyga.gov,2,Government
gisprod.adacounty.id.gov,2,Government
natickma.gov,1,Government
napervilletownship.com,1
citycouncil.atlantaga.gov,1,Government
osageco.org,3,Organization
gismaps.fultoncountyga.gov,1,Government
kansaschamber.org,1,Organization
surs.org,2,Organization
olmstedcounty.gov,2,Government
cityoflakeforest.com,1
peachtreecornersga.gov,4,Government
augustaga.gov,1,Government
bedfordma.gov,1,Government
waukeganil.gov,1,Government
wps60.org,1,Organization
atlantanewsfirst.com,1
nuvotes.org,3,Organization
buffalocountywi.gov,4,Government
idahodems.org,1,Organization
georgiaequalitypac.org,1,Organization
gawinlist.com,1
gcvoters.org,1,Organization
s1.sos.mo.gov,1,Government
jacksoncountygov.com,1,Government
fayettecountyga.gov,1,Government
mnvotes.sos.state.mn.us,2,Government
wgntv.com,1,News
kslegresearch.org,1,Organization
mymcmedia.org,1,Organization
idahostatesman.com,1,News,News
btu.org,1,Organization
voteclaycountymo.gov,4,Government
grtlpac.org,1,Organization
clerk2.kanecountyil.gov,2,Government
suffolk.edu,1
platinumelectionresults.com,2
massvote.org,1,Nonprofit
cityoflaurel.org,2,Organization
franklincoks.org,2,Organization
town.lynnfield.ma.us,1,Government
assets01.aws.connect.clarityelections.com,1
elmhurst.org,1,Organization
insidelowell.com,1
egis.atlantaga.gov,1,Government
dot.ga.gov,1,Government
wickedlocal.com,1,News,News
wabe.org,1,Organization
nctv17.org,1,Organization
ctulocal1.org,1,Organization
telegram.com,2,News
binghamid.gov,1,Government
cboeprod.blob.core.usgovcloudapi.net,1,Government
orlandpark.org,1,Organization
milfordma.gov,1,Government
braintreema.gov,1,Government
cowleycountyks.gov,1,Government
lakecountyil.maps.arcgis.com,1
macoupinvotes.gov,1,Government
wjla.com,1,News
co.blaine.id.us,1,Government
cityofevanston.org,1,Organization
westchicago.org,1,Organization
centerlw.org,1,Organization
vanburencountymi.gov,14,Government
townofwestspringfield.org,23,Organization
lansingvotes.gov,10,Government
ci.southbridge.ma.us,31,Government
porthuron.org,43,Organization
fortgratiot.us,17,Government
parktownship.org,2,Organization
grafton-ma.gov,9,Government
indy.gov,1,Government
michiganvoting.org,20,Organization
detroitvotes.org,13,Organization
stclaircountyclerk.org,37,Organization
macombgov.org,3,Government
clintontownship.com,22
indtwp.com,2
porthurontownship.org,9,Organization
sterlingheights.gov,3,Government
lwvmi.org,6,Organization
scsmi.net,8
mtvoter.org,1,Organization
co.muskegon.mi.us,3,Government
boe.ottawa.oh.gov,1,Government
waynecounty.com,1
thetimesherald.com,1,News,News
legislature.mi.gov,6,Government
detroitmi.gov,3,Government
accesskent.com,25
wilx.com,3,News
co.jackson.mi.us,3,Government
washtenaw.org,4,Organization
miottawa.org,41,Organization
portagemi.gov,13,Government
mcgi.state.mi.us,6,Government
findmydistrict.ohiosos.gov,3,Government
allegancounty.org,42,Organization
massaflcio.org,1,Organization
oakgov.com,1,Government
shelbytwp.org,1,Organization
michiganlcv.org,3,Organization
michfb.com,3
michamber.com,3
ctvmichigan.org,4,Organization
equalitymiaction.org,3,Organization
porterco.org,4,Organization
thereminder.com,2,News
miaflcio.vote,1
meavotes.org,1,Organization
spectrumnews1.com,5
cityofholland.com,6
indianavoters.in.gov,2,Government
indianahousedemocrats.org,1,Organization
house.mi.gov,3,Government
clickondetroit.com,1,News
saginawcounty.com,1
kalcounty.com,8
grandrapidsmi.gov,4,Government
yelp.com,1
koordinates.com,1
cityofinkster.com,1
a2gov.org,1,Government
romi.gov,1,Government
waterfordmi.gov,1,Government
freep.com,1,News
rochesterhills.org,1,Organization
cityofrichmond.net,1
co.andrews.tx.us,54,Government
boe.cuyahogacounty.gov,140,Government
case.edu,8
voteloraincountyohio.gov,20,Government
boe.ohio.gov,12,Government
starkcountyohio.gov,1,Government
pawtucketri.gov,12,Government
smithfieldri.gov,40,Government
ballotapplication.elections.ny.gov,58,Government
bergencountyclerk.gov,68,Government
elections.ri.gov,34,Government
election.providencejournal.com,6,News,News
portal.sos.state.nm.us,150,Government
ny.gov,15,Government
e-register.vote.nyc,4
nysaflcio.org,13,Organization
nylcv.org,7,Organization
nysut.org,6,Organization
seventy.org,73,Organization
berkspa.gov,113,Government
buffalocounty.ne.gov,29,Government
donaanacountyelections.com,114
donaanacounty.org,11,Organization
lwvnm.org,17,Organization
lwvcnm.org,49,Organization
leacounty.net,30
on.nyc.gov,168,Government
voteearlyny.org,78,Organization
nyc.gov,132,Government
cpl.org,29,Organization
lehighcounty.org,104,Organization
vr.co.lancaster.pa.us,5,Government
webapp07.montcopa.org,6,Organization
passaiccountynj.org,146,Organization
cityofpassaic.com,15
chavescounty.gov,95,Government
roswell-nm.gov,63,Government
unioncountyvotes.com,75
countyelectionresults.nebraska.gov,6,Government
electionresults.nebraska.gov,6,Government
wowt.com,1,News
townofrochester.ny.gov,24,Government
whyy.org,15,Organization
nyccfb.info,14
vote.pa,40
votemorelle.com,14
townofpittsford.org,11,Organization
perinton.org,3,Organization
lehighdemocrats.org,56,Organization
camdencounty.com,94
chnj.gov,46,Government
trackmyballot.nj.gov,6,Government
lwvgreatercleveland.org,14,Organization
cleveland19.com,6
co.burlington.nj.us,41,Government
wxxinews.org,5,Organization
lcsun-news.com,15,News
washoecounty.gov,106,Government
rgj.com,33,News
home.forwardparty.com,3
westreadingborough.com,27
judge4yourself.com,3
housedemocrats.maine.gov,3,Government
andrewscountytax.com,5
elections.woodburycountyiowa.gov,30,Government
designegov.nebraska.gov,20,Government
khanacademy.org,3,Organization
yorkcountypa.gov,1,Government
centralfallsri.gov,69,Government
atlas.phila.gov,7,Government
vote.upenn.edu,39
inquirer.com,8,News
oklahoma.gov,56,Government
lwv-rma.org,9,Organization
whec.com,4
cranstonri.gov,67,Government
portsmouthri.gov,15,Government
millvillenj.gov,41,Government
gloucestercountynj.gov,42,Government
sourcenm.com,1
ucnj.org,119,Organization
mercercounty.org,25,Organization
monmouthcountyvotes.com,82
hudsoncountyclerk.org,61,Organization
nassaucountyny.gov,42,Government
apps2.suffolkcountyny.gov,1,Government
co.hunterdon.nj.us,10,Government
atlanticcountyclerk.org,10,Organization
cumberlandcountyvotes.com,9
ballot.seventy.org,7,Organization
pafamilyvoter.com,3
philaculture.org,1,Organization
rrnm.gov,15,Government
providencejournal.com,12,News,News
essexboardofelections.com,75
essexclerk.com,20
texas.okcounties.org,14,Organization
results.okelections.gov,1,Government
kswo.com,1,News
taoscounty.org,74,Organization
publicreporting.elections.ny.gov,8,Government
warrencountyvotes.com,11
monroedemocrats.com,4
ontariocountyny.gov,8,Government
northprovidenceri.gov,45,Government
uppermac.org,9,Organization
lowermac.com,6
cabq.gov,117,Government
thephiladelphiacitizen.org,9,Organization
satellite-offices.philadelphiavotes.com,4
13wham.com,12
elections.erie.gov,6,Government
cltr.douglascountynv.gov,9,Government
washoelife.washoecounty.gov,2,Government
lehighvalleynews.com,5
elizabethnj.org,3,Organization
elpasotimes.com,96,News
lwvsnm.org,3,Organization
data.cityofnewyork.us,11,Government
cleanwater.org,2,Organization
elec.nj.gov,11,Government
mcall.com,4,News
rochester.edu,6
koco.com,5
okpolicy.org,3,Organization
providenceri.gov,43,Government
burrillville.org,15,Organization
bernco.gov,5,Government
njspotlightnews.org,6,Organization
sarpy.gov,69,Government
lancaster.ne.gov,39,Government
ketv.com,6,News
newjerseymonitor.com,8
nebraska.gov,37,Government
livingstoncountyny.gov,9,Government
cayugacounty.us,3,Government
orleanscountyny.gov,1,Government
taosnm.gov,8,Government
justice.gov,1,Government
narragansettri.gov,7,Government
warwickri.gov,29,Government
cumberlandri.org,7,Organization
candidateportal.servis.sos.state.nm.us,6,Government
meredithfornewmexico.com,3
votebymailnj.org,1,Organization
kob.com,9
krqe.com,8,News
results.bernco.gov,3,Government
koat.com,3,News
losalamosnm.us,2,Government
rocklandcountyny.gov,4,Government
vote.hcnj.us,42,Government
news5cleveland.com,8,News
cleveland.com,6,News
montclairnjusa.org,1,Organization
wpri.com,11,News
vinelandcity.org,16,Organization
edgewaterpark-nj.com,2,News,News
electionresults.sos.nm.gov,26,Government
ccclerknj.com,18,News,News
libguides.nypl.org,2,Organization
mygovnyc.org,3,Government
latfor.state.ny.us,15,Government
nyassembly.gov,1,Government
wpr.org,1,Organization
littlechutewi.org,1,Organization
registrar.providence.edu,1
libguides.unm.edu,10
wesa.fm,1
njsba.org,7,Organization
njlcv.org,4,Organization
lascruces.org,3,Organization
hosting.okelections.gov,28,Government
voteyourvaluesok.com,19
libguides.ccp.edu,7
nysenate.gov,29,Government
oklegislature.gov,3,Government
lucas.house.gov,1,Government
wbay.com,2,News
ramseycounty.us,2,Government
morriscountyclerk.org,17,Organization
jerseycitynj.gov,38,Government
citizenactionny.org,4,Organization
lascruces.gov,8,Government
sos.state.oh.us,23,Government
miottawavotes.gov,1,Government
necatholic.org,4,Organization
colfaxcountyne.gov,6,Government
ohio.gov,5,Government
cms3.revize.com,7
paaflcio.com,2
representpa.org,2,Organization
psta.org,2,Organization
elections.co.berks.pa.us,2,Government
readingeagle.com,4,News
weareplannedparenthood.org,18,Organization
islipny.gov,7,Government
isliplibrary.org,3,Organization
risd.k12.nm.us,1,Government
co.somerset.nj.us,54,Government
warrennj.org,2,Organization
chplnj.org,8,Organization
padems.org,3,Organization
ny1.com,5
nypl.org,4,Organization
sussexcountyclerk.org,6,Organization
nevadaconservationleague.org,1,Organization
cityofandrews.org,2,Organization
lookup.boe.ohio.gov,8,Government
cityofattleboro.us,12,Government
philly8thward.org,1,Organization
rhode-island-legislative-districts-downloader-tool-ridos.hub.arcgis.com,3
rihousing.com,3
lwvgo.org,8,Organization
stansbury.house.gov,5,Government
democratandchronicle.com,14,News
lincolnri.gov,4,Government
henrietta.org,12,Organization
irvingtonny.gov,6,Government
westonwi.gov,7,Government
hobokennj.gov,7,Government
dakotacounty.ne.gov,7,Government
orangecountygov.com,4,Government
reno.gov,4,Government
silverstateelection.nv.gov,5,Government
custer.okcounties.org,2,Organization
ou.edu,1
srca.nm.gov,1,Government
madisoncountyne.gov,2,Government
okvoterportal.okelections.gov,4,Government
eastprovidenceri.gov,3,Government
lascrucesbulletin.com,1,News
newsroom.unl.edu,1
signalcleveland.org,1,Organization
daytondailynews.com,1,News,News
wfmz.com,6,News
leg.state.nv.us,3,Government
ohiohouse.gov,2,Government
abqlibrary.org,4,Organization
gtwp.com,2
hct.holland.mi.us,1,Government
pcdems.com,1
1011now.com,1
3newsnow.com,1
townofvictorny.gov,3,Government
data.jerseycitynj.gov,7,Government
newrochelleny.com,6
columbiana.boe.ohio.gov,1,Government
lakecountyohio.gov,3,Government
vote.franklincountyohio.gov,1,Government
6abc.com,2
njpen.com,1
webfiles.clarkcountynv.gov,2,Government
muhlenbergtwp.com,10
kolotv.com,2,News
lwvberks.org,3,Organization
guymonok.org,19,Organization
hidalgocounty.org,3,Organization
douglascountyclerk.org,9,Organization
nebraskalegislature.gov,21,Government
lifepac.net,3
paprolife.org,3,Organization
portal.311.nyc.gov,3,Government
mielections.us,1,Government
twp.woodbridge.nj.us,4,Government
voterdrivecle.com,1
butlercountyne.gov,1,Government
cityofsummit.org,3,Organization
fortleenj.org,2,Organization
nebraskaexaminer.com,4
nationalcivicleague.org,2,Organization
norcopa.gov,5,Government
data.cityofrochester.gov,1,Government
nebraskarighttolife.org,6,Organization
sessions.house.gov,1,Government
canadiancounty.org,1,Organization
carson.org,5,Organization
cityoffernley.org,2,Organization
fairdistrictsnj.org,7,Organization
legis.delaware.gov,1,Government
sos.vermont.gov,2,Government
taosvotesblue.com,2
muskegonvotes.com,1
lakishaforyonkers.com,4
abc7ny.com,2
hca.nm.gov,3,Government
camdencountydemocrats.com,1
readingpa.gov,1,Government
legis.state.pa.us,10,Government
fairdistrictspa.com,3
phila.gov,1,Government
districts.phillypolice.com,1
co.valencia.nm.us,3,Government
nebraskavoterguide.com,2
schuylkillcountypa.gov,2,Government
cms6.revize.com,5
opengov.sos.ri.gov,3,Government
rilegislature.gov,3,Government
fennville.gov,1,Government
democratsserve.org,2,Organization
southkingstownri.gov,1,Government
mcgisweb.co.middlesex.nj.us,1,Government
voterguide.flatwaterfreepress.org,1,Organization
grandhaven.org,4,Organization
lohud.com,1,News
news.unm.edu,2
otsegocountymi.gov,1,Government
battlecreekmi.gov,3,Government
docs.legis.wisconsin.gov,5,Government
newjerseyglobe.com,1
co.sanmiguel.nm.us,2,Government
bethlehemtownship.org,2,Organization
unr.edu,1
ypl.org,2,Organization
andrews.esc18.net,1
suffolktopicguides.org,1,Organization
nbcphiladelphia.com,1
mynews4.com,2
cityofwestlake.org,6,Organization
legislative.ncsa.org,2,Organization
data.gis.ny.gov,8,Government
portagecounty-oh.gov,1,Government
careers.chop.edu,1
meng.house.gov,2,Government
carboncountypa.gov,1,Government
rdrnews.com,1,News
woonsocketri.gov,5,Government
cvnm.org,1,Organization
vote.mahoningcountyoh.gov,1,Government
elections.bcohio.gov,1,Government
kvia.com,3,News
vote.wisdems.org,1,Organization
ideastream.org,1,News
nebraskapublicmedia.org,2,Organization
eastgreenwichri.com,1
lwvny.org,2,Organization
sccmo.org,1,Organization
westorange.org,1,Organization
westchestergov.com,4,Government
nebraskademocrats.org,1,Organization
legislature.ohio.gov,1,Government
gis.cuyahogacounty.us,1,Government
clevelandcitycouncil.org,1,Organization
olvr.ohiosos.gov,1,Government
hhs.cuyahogacounty.gov,1,Government
ohea.org,1,Organization
cbctc.org,1,Organization
rochesterfirst.com,3
wzzm13.com,1,News
stanfordmag.org,1,Organization
njrtl-pac.org,1,Organization
codes.ohio.gov,1,Government
former.okhouse.gov,1,Government
oksenate.gov,1,Government
lwvlehighcounty.org,1,Organization
bellportvillageny.gov,1,Government
titus.house.gov,1,Government
mountephraim-nj.com,1,News,News
wnep.com,2,News
electoralcommission.org.uk,1,Organization
okvoterguide.com,1
agencies.monroecountypa.gov,1,Government
churchillcountynv.gov,1,Government
brown.edu,1
keranews.org,1,Organization
uft.org,1,Organization
bayonnenj.org,1,Organization
nbcnewyork.com,1
elkocountynv.net,1
lcps.net,1
yonkersny.gov,1,Government
westchesterlegislators.com,1
lwvohio.org,2,Organization
ci.rochester.mi.us,1,Government
dc47.org,1,Organization
wkyc.com,1,News
eresults.geauga.oh.gov,1,Government
billypenn.com,1
wkbn.com,1
phila2ndward.org,1,Organization
phillyaflcio.org,1,Organization
rtlaohio.org,1,Organization
ohiolife.org,1,Organization
ohiovoterguide.org,1,Organization
ballotboxonline.com,1
co.kleberg.tx.us,25,Government
waukesha-wi.gov,1,Government
texomashomepage.com,8
refloh2o.com,1
glendale-wi.gov,1,Government
ci.greenfield.wi.us,1,Government
knoxcountytexas.org,2,Organization
dallascollege.edu,21
lwvdallas.org,57,Organization
houston.culturemap.com,3
findingspress.org,1,Organization
co.dawson.tx.us,54,Government
co.floyd.tx.us,40,Government
co.edwards.tx.us,13,Government
appfiles.harrisvotes.com,3
hctax.net,24
houstonsunsetheights.org,12,Organization
brownsvilletx.gov,56,Government
highlandvillage.org,58,Organization
www2.elpasotexas.gov,44,Government
ktsm.com,14,News
abc13.com,8
vote.houstonlanding.org,3,Organization
co.deaf-smith.tx.us,10,Government
co.bee.tx.us,50,Government
co.castro.tx.us,2,Government
lwvhouston.org,20,Organization
pharr-tx.gov,20,Government
dalharttx.gov,2,Government
amarillo.com,6,News
app.harrisvotes.com,29
co.hockley.tx.us,21,Government
alwv.clubexpress.com,1
ci.friendswood.tx.us,5,Government
elpasomatters.org,5,Organization
dallascityhall.com,6
cityofdenton.com,2
farmersbranchtx.gov,1,Government
co.gonzales.tx.us,42,Government
library.cityoflewisville.com,2
gosanangelo.com,2,News
texasstandard.org,1,Organization
utrgv.edu,3
cdnsm5-ss4.sharpschool.com,9
burnetcountyelections.com,1
cityofalpine.com,2
garlandtx.gov,1,Government
cityofalice.org,3,Organization
houstonvotersguide.org,6,Organization
gonzalesisd.net,4
southwestkey.org,1,Organization
elpasotexas.gov,1,Government
co.crockett.tx.us,3,Government
ci.lamesa.tx.us,8,Government
ncregister.com,1
fox43.com,1,News
co.jim-hogg.tx.us,2,Government
sugarlandtx.gov,2,Government
tx-hidalgocounty.civicplus.com,4
lamesaisd.net,1
dallaspolice.net,1
flowermound.gov,3,Government
collincountygop.org,1,Organization
gonzales.texas.gov,3,Government
cityofmesquite.com,3
newtools.cira.state.tx.us,1,Government
dartdaily.dart.org,1,Organization
cp4.harriscountytx.gov,1,Government
levellandtexas.org,4,Organization
rosenbergtx.gov,1,Government
apps.co.hidalgo.tx.us,2,Government
levellandnews.net,1
el-paso-county-elections.s3.amazonaws.com,1
newschannel10.com,1
abc7amarillo.com,1,News
kaufmancounty.net,1
tsc.edu,1
co.bailey.tx.us,1,Government
dallaslibrary2.org,1,Organization
odessa-tx.gov,2,Government
coppelltx.gov,1,Government
co.waller.tx.us,1,Government
vctx.org,2,Organization
beevilletx.org,1,Organization
click2houston.com,3,News
elpasoinc.com,1
mchodessa.com,1
psjaisd.us,1,Government
pac.thecaucus.org,1,Organization
