domain,count
vote.org,15213
sos.state.co.us,1038
justvotecolorado.org,113
jeffco.us,148
arapahoevotes.gov,241
usa.gov,25869
adamscountycoelections.gov,76
portal.ct.gov,1485
ballotpedia.org,15262
easthartfordct.gov,104
citizenparticipation.westchestergov.com,364
ctinsider.com,61
townofwindsorct.com,4
en.wikipedia.org,6614
vote.gov,2129
vote411.org,22233
nbcnews.com,5128
ballotready.org,2530
share.america.gov,87
nycvotes.org,879
rockthevote.org,324
aclu.org,1558
cookpolitical.com,1260
cbsnews.com,3787
270towin.com,6473
washingtonpost.com,1175
projects.fivethirtyeight.com,1644
meridenct.gov,115
ncsl.org,1356
dems.gov,324
housedems.ct.gov,66
pressgallery.house.gov,637
twitter.com,298
house.gov,1465
dccc.org,319
bridgeportct.gov,94
bptgennowvotes.org,17
faithacts.org,10
sec.state.ma.us,2628
myvote.wi.gov,2621
nass.org,2489
coloradosos.gov,167
riograndecounty.colorado.gov,11
cityofmadison.com,229
eac.gov,1682
sos.state.mn.us,339
apnews.com,3461
theguardian.com,866
city.milwaukee.gov,400
hartfordct.gov,109
democrats.senate.gov,648
bbc.com,2662
senatedems.delaware.gov,133
dscc.org,312
senatedems.com,299
senatedems.ct.gov,138
kff.org,3670
now.org,1123
usnews.com,1855
floridiansprotectingfreedom.com,427
reproductiverights.org,1130
newhavenct.gov,118
newhavenvoterguide.carrd.co,17
presidency.ucsb.edu,1483
deadline.com,324
constitutioncenter.org,324
fec.gov,4549
c-span.org,292
debates.org,287
marathoncounty.gov,46
pollfinder.sos.state.mn.us,60
rfcity.org,31
ova.elections.il.gov,190
trumbull-ct.gov,89
norwalkct.gov,156
stamfordct.gov,34
vote.nyc,1354
facebook.com,374
cea.org,39
newlondonct.gov,36
vote.sos.ri.gov,802
groton-ct.gov,8
newbritainct.gov,115
cityofwesthaven.com,27
ci.milford.ct.us,13
cnn.com,5592
sos.la.gov,1520
sos.ca.gov,5256
wausauwi.gov,20
eauclairewi.gov,50
cityofabbotsfordwi.gov,12
fvap.gov,2034
tminstituteldf.org,4
abcnews.go.com,2814
npr.org,2956
today.yougov.com,378
time.com,707
nytimes.com,5513
electionresults.hartfordct.gov,11
hplct.org,11
portaldir.ct.gov,49
bloomfieldct.gov,1
mansfieldct.gov,4
suffolkcountyny.gov,138
plannedparenthoodaction.org,680
voteprochoice.us,1258
latimes.com,654
reproductivefreedomforall.org,502
aljazeera.com,1772
elections.maryland.gov,1306
meetings.washtenaw.org,256
elections.ny.gov,1598
justfacts.votesmart.org,1031
libguides.peddie.org,363
thehill.com,667
budgetmodel.wharton.upenn.edu,599
votesmart.org,2122
my.lwv.org,208
naacpldf.org,1851
ctpost.com,14
movement.vote,324
amazon.com,1182
opensecrets.org,1306
fortune.com,356
bluewaveamerica.com,315
reuters.com,806
m.economictimes.com,292
forbes.com,509
capeandislands.org,1
douglas.co.us,120
chaffeeclerk.colorado.gov,10
pbs.org,661
allsides.com,166
glastonburyct.gov,44
pewresearch.org,2386
news.gallup.com,2184
ey.com,324
fletcher.tufts.edu,249
newsweek.com,936
statista.com,294
prolifewi.org,45
sbaprolife.org,1039
wisconsinrighttolife.org,18
priestsforlife.org,321
rtl.org,40
wsj.com,174
kgw.com,215
westhartfordct.gov,109
usatoday.com,1790
findmypollsite.vote.nyc,449
istockphoto.com,537
gettyimages.com,333
shutterstock.com,315
unsplash.com,288
bristolct.gov,75
pollinglocations.hartford.gov,49
leg.colorado.gov,117
app.leg.wa.gov,232
cde.state.co.us,11
le.utah.gov,11
nmlegis.gov,98
newrepublic.com,232
floridapolitics.com,207
politico.com,1650
economist.com,539
nypost.com,335
guides.vote,922
madisonct.org,10
wallingfordct.gov,2
wfsb.com,8
newingtonct.gov,54
wearelee.org,324
apiavote.org,324
carnegielibrary.libanswers.com,426
altamed.org,90
usvotefoundation.org,513
city-of-bridgeport-gis-hub-bridgeportct.hub.arcgis.com,1
cga.ct.gov,31
council.nyc.gov,53
pavoterservices.pa.gov,273
boardofreps.org,2
hamden.com,9
isidewith.com,439
texasallianceforlife.org,466
missourilifepac.org,221
southington.org,4
about.usps.com,48
whenweallvote.org,7
sos.nh.gov,93
scvotes.gov,260
housedems.com,61
housedems.delaware.gov,54
nga.org,265
ap.org,63
theday.com,7
ctdata.org,52
cambridgema.gov,185
montgomerycountypa.gov,137
acluct.org,5
vote.phila.gov,382
nj.gov,985
boston.gov,913
middlesexcountynj.gov,165
lgbtmap.org,934
pa.gov,611
middletownct.gov,76
uwc.211ct.org,11
ctdems.org,6
moco360.media,9
amview.japan.usembassy.gov,148
thirdway.org,192
newhartfordct.gov,17
democracydocket.com,324
hrc.org,149
pagop.org,14
enfield-ct.gov,10
democrats.org,227
applications.kanecountyil.gov,94
cawp.rutgers.edu,368
ncsbe.gov,795
youtube.com,861
wauwatosa.net,35
jsonline.com,84
uwm.edu,77
factcheck.org,648
sanford.duke.edu,117
guides.bpl.org,283
wmur.com,175
poynter.org,44
axios.com,1837
seec.ct.gov,10
ctpublic.org,2
kz.usembassy.gov,326
texastribune.org,1055
senatedemocrats.wa.gov,4
county.milwaukee.gov,12
southmilwaukee.gov,25
waukeshacounty.gov,15
fox6now.com,10
ohiosos.gov,228
brennancenter.org,543
elect.ky.gov,2
dupagecounty.gov,484
americansecuritycabinets.com,108
gop.gov,648
cthousegop.com,1
about.bgov.com,232
housegop.delaware.gov,295
openelectiondata.net,324
loc.gov,343
dictionary.cambridge.org,321
elections.virginia.gov,2033
polyas.com,133
pac.wvforlife.org,23
electionhistory.ct.gov,4
fox61.com,14
nlrb.gov,80
newsnationnow.com,62
elections2024.thehill.com,125
racetothewh.com,163
senate.gov,433
republicanleader.senate.gov,324
indianasenaterepublicans.com,306
oregonlegislature.gov,377
ctsenaterepublicans.com,265
pasenategop.com,90
mvic.sos.state.mi.us,523
wisconsinindependent.com,1
lavote.gov,725
voteidaho.gov,240
mpl.org,46
prri.org,331
iwpr.org,315
supremecourt.gov,232
trincoll.edu,1
elections.il.gov,445
abc27.com,19
mainemorningstar.com,39
rnbgujarat.org,230
naacp.org,779
salon.com,204
jessica.substack.com,90
franciscanmedia.org,324
westalliswi.gov,22
vox.com,409
candidate.checkr.com,15
ecode360.com,4
villageofshorewood.org,10
oakcreekwi.gov,5
harriscountygop.com,88
westallislibrary.org,1
congress.gov,347
census.gov,838
govtrack.us,339
ziplook.house.gov,161
wisdems.org,2
emilyslist.org,698
runforsomething.net,276
lcv.org,131
hireright.com,12
sos.state.tx.us,15283
southhadley.org,15
allvotingislocal.org,46
slate.com,12
voterlookup.elections.ny.gov,85
voter.svrs.nj.gov,48
franklinwi.gov,2
voteamerica.org,92
voterstatus.sos.ca.gov,444
mvp.sos.ga.gov,208
lakecountyil.gov,269
courant.com,3
patch.com,9
nbc4i.com,138
morriscountynj.gov,100
politifact.com,233
westmilwaukee.org,6
houserepublicans.wa.gov,140
wisaflcio.org,8
wfbf.com,3
wuwm.com,23
sandovalcountynm.gov,325
webserver.rilin.state.ri.us,4
legis.wisconsin.gov,34
data-ltsb.opendata.arcgis.com,7
districtr.org,3
gis-ltsb.hub.arcgis.com,4
gis.lcc.mn.gov,12
trentcentral.squarespace.com,49
nbcconnecticut.com,8
newbritainprogressive.com,3
durhamnc.maps.arcgis.com,3
transition.fec.gov,322
calmatters.org,657
elections.maricopa.gov,897
myballotmn.sos.state.mn.us,27
villageoffoxpoint.com,11
elections.wi.gov,21
pbswisconsin.org,16
wclapac.org,3
wheredoivote.co.uk,198
ri.gov,22
norwichct.org,18
sos.alabama.gov,27
elections.delaware.gov,50
tmj4.com,12
wisn.com,13
greenwichct.gov,24
pahousegop.com,106
cookcountyclerkil.gov,285
cbs58.com,26
milwaukeelabor.org,1
ipsos.com,332
gmfus.org,345
fairvote.org,22
tennessean.com,79
conncoll.libguides.com,51
elections.ulstercountyny.gov,24
dos.elections.myflorida.com,326
vote.yale.edu,2
prochoicewashington.org,141
prochoiceminnesota.org,100
www2.cbia.com,5
wtnh.com,1
westportct.gov,3
democrats-cha.house.gov,22
hls.harvard.edu,260
wsaw.com,1
gis.meridenct.gov,1
eastonct.gov,1
socialworkers.org,64
wusa9.com,13
9news.com,28
mnvotes.sos.mn.gov,13
commoncause.org,3
missouridemocrats.org,18
mailballot.sos.ri.gov,11
telegraph.co.uk,183
sos.texas.gov,3282
dallascountyvotes.org,671
captimes.com,3
deperewi.gov,4
nyclu.org,26
gothamist.com,6
ctmirror.org,1
newhavenindependent.org,2
yaledailynews.com,57
nhrtl.org,2
deepriverct.us,1
weau.com,14
eauclairecounty.gov,6
elections.countyofdane.com,12
outagamie.org,2
calumetcounty.org,2
co.walworth.wi.us,53
douglascountywi.gov,10
co.lincoln.wi.us,3
requestballot.vote.nyc,57
buckscounty.gov,103
delcopa.gov,40
makeaplantovote.com,53
jfklibrary.org,20
fox5ny.com,19
sos.iowa.gov,39
framinghamma.gov,170
menomonee-falls.org,6
loudoun.gov,459
ftp2.wkow.com,1
co.bergen.nj.us,130
19thnews.org,76
rollcall.com,28
fairfieldct.org,5
conncoll.edu,1
masscitizensforlife.org,17
m.facebook.com,30
wisconsinwatch.org,8
prospect.org,11
kamalaharris.com,37
checkr.com,6
accurate.com,4
chesco.org,20
manchesterct.gov,1
bostonglobe.com,20
town.north-haven.ct.us,1
scnylegislature.us,7
njleg.state.nj.us,31
in.gov,5
pac.org,258
newhavenvotes.org,1
newberlinwi.gov,2
ctaflcio.org,2
council4.org,1
bloomberg.com,3
telegraphherald.com,1
spectrumlocalnews.com,24
salemct.gov,1
16af.af.mil,36
vote.minneapolismn.gov,6
electionreturns.pa.gov,31
larson.house.gov,1
hartfordschools.org,1
themdc.org,1
ctd.uscourts.gov,1
progressivevotersguide.com,78
michiganearlyvote.com,21
chicagoelections.gov,460
marquette.edu,2
jobs.aus.com,1
law.marquette.edu,1
lwv.org,125
afj.org,31
mps.milwaukee.k12.wi.us,5
cms9files.revize.com,15
racinecounty.com,7
cookcountyil.gov,214
kernvote.com,149
kget.com,21
turnto23.com,17
registertovote.ca.gov,98
elections.saccounty.net,432
sfelections.org,339
alamedacountyca.gov,368
rovservices.sccgov.org,380
recorder.countyofventura.org,190
ventura.org,40
elections.sbcounty.gov,256
voteinfo.net,132
riversideca.gov,38
rivco.org,32
locator.lavote.gov,113
statecourtreport.org,13
clerkandrecorder.elpasoco.com,137
alamosacounty.org,63
garfield-county.com,3
fresnocountyca.gov,114
abc30.com,30
glendalevotes.org,26
ocvote.gov,190
yourrialto.com,31
sdvote.com,296
voterguide.sos.ca.gov,353
rbc.us,12
tracer.sos.colorado.gov,5
sf.gov,410
ktvu.com,28
sfgov.org,34
ssf.net,25
sjgov.org,242
kqed.org,63
cavotes.org,46
lwvc.org,105
recorder.pima.gov,179
countyofnapa.org,196
sonomacounty.ca.gov,80
secure.sonoma-county.org,48
azsos.gov,336
my.arizona.vote,136
readysetvotetucson.org,5
nbcsandiego.com,34
kerncountylibrary.org,5
lodi.gov,28
sanbenitocounty-ca-cre.gov,65
cityoforange.org,21
results.lavote.gov,42
laist.com,7
clerk.lacity.gov,27
vote.santaclaracounty.gov,248
smcacre.gov,147
hayward-ca.gov,56
countyofmonterey.gov,115
votescount.com,35
acvote.alamedacountyca.gov,195
redwoodcity.org,46
smcgov.org,45
countyofkingsca.gov,90
voteearlyday.org,8
victorvilleca.gov,15
votemadera.com,113
srcity.org,66
marincounty.org,35
yumacountyaz.gov,96
yumaaz.gov,48
azleg.gov,30
bouldercounty.gov,27
growsf.org,6
theleaguesf.org,3
countyofmerced.com,107
sacbee.com,245
azcleanelections.gov,179
elections.cdn.sos.ca.gov,50
ace.yolocounty.gov,32
hpca.gov,3
lacounty.gov,10
contracostavote.gov,171
danville.ca.gov,10
cityofimperial.org,1
elections.imperialcounty.org,76
cityofelcentro.org,2
pima.gov,21
anaheim.net,65
legacy.cityofirvine.org,4
lakeforestca.gov,6
buenapark.com,1
kcra.com,26
cadem.org,113
lacdp.org,4
calaborfed.org,28
couragecalifornia.org,17
eqca.org,24
csueastbay.edu,23
vt.ncsbe.gov,108
elections.saccounty.gov,35
saclibrary.org,38
abc10.com,8
myvoterportal.saccounty.gov,18
denvergov.org,125
kdvr.com,31
nosscr.org,2
mercedsunstar.com,10
dmv.colorado.gov,8
pinal.gov,26
yavapaivotes.gov,8
placercountyelections.gov,7
stanvote.com,45
cityofturlock.org,3
maderacounty.com,11
findyourrep.legislature.ca.gov,47
sdmg.senate.ca.gov,25
sfchronicle.com,14
bakersfieldnow.com,10
bakersfield.com,2
countyofsb.org,43
sos.mo.gov,95
larimer.gov,49
experience.arcgis.com,58
tucsonaz.gov,65
myballot.coloradosos.gov,28
county.pueblo.org,4
phoenix.gov,77
alamosacounty.colorado.gov,28
elections.denverpost.com,8
cochise.az.gov,5
archuletacounty.org,3
legacy.recorder.maricopa.gov,3
lapaz.gov,1
results.arizona.vote,7
georgia.gov,159
absentee.vote411.org,3
weld.gov,4
oxnard.gov,7
ci.port-hueneme.ca.us,4
calvoter.org,40
marketwatch.com,15
santacruzcountyaz.gov,84
brightonco.gov,44
votepalmbeach.gov,345
coloradoea.org,6
denverlabor.org,4
longbeach.gov,11
cityofpasadena.net,1
neighborhoodinfo.lacity.gov,1
cityoffullerton.com,2
ontheissues.org,128
ca.gov,28
gis.data.ca.gov,9
kevinmullin.house.gov,2
cityofnapa.org,9
wlv.org,5
nvsos.gov,149
cityofsanmateo.org,6
democrats-armedservices.house.gov,15
vvdailypress.com,6
tularecoelections.org,81
cohousedems.com,6
myusf.usfca.edu,6
countyofcolusaca.gov,14
nevadacountyca.gov,2
indianasenatedemocrats.org,195
sonomacity.org,11
solanocounty.com,19
ocvote.org,1
wfuogb.com,9
iop.harvard.edu,141
voterguide.sfelections.org,22
csea.com,1
berncoclerk.gov,425
santafecountynm.gov,206
clarkcountynv.gov,48
today.usc.edu,1
sandiego.gov,11
ci.hanford.ca.us,14
ballottrax.coloradosos.gov,15
apscuf.org,51
bakersfieldcity.us,7
louisvilleco.gov,1
santa-ana.org,6
denver7.com,10
cityofmerced.org,11
broomfield.org,6
westminsterco.gov,8
tritonsvote.ucsd.edu,22
gis-portal.sandiegocounty.gov,35
modestogov.com,28
modbee.com,13
countynewscenter.com,14
portofsandiego.org,2
pantheonstorage.blob.core.windows.net,2
sandiego.librarymarket.com,2
adcogov.org,3
fremontcountyelectionsco.gov,2
mainesenate.org,1
sangabrielcity.com,2
fresnoland.org,20
fresnobee.com,24
votemarion.gov,59
thenevadaglobe.com,16
harrisvotes.com,3171
sanjosespotlight.com,4
sonypicturesjobs.com,1
sciencedirect.com,51
election.pressdemocrat.com,12
sanjoseinside.com,1
results.enr.clarityelections.com,141
mercurynews.com,2
sos.oregon.gov,281
couragecaliforniainstitute.org,16
seattletimes.com,44
sos.wyo.gov,6
kerncounty.com,2
kernhigh.org,1
arizona.vote,55
yourcentralvalley.com,22
fppc.ca.gov,29
coloradosprings.gov,4
bluevoterguide.org,30
coloradosun.com,8
kron4.com,1
duvalelections.com,41
eresults.saccounty.net,2
results.saccounty.net,2
cityofsacramento.gov,3
results.saccounty.gov,3
sanluisaz.gov,13
sfpl.org,8
navajocountyaz.gov,1
yoloelections.org,9
kvoa.com,8
azvoterguide.com,4
epcountyvotes.com,1625
kold.com,3
kgun9.com,2
msudenver.edu,1
co.routt.co.us,3
sos.nebraska.gov,350
ocregister.com,7
storageccec.blob.core.usgovcloudapi.net,4
sites.omniballot.us,30
fox10phoenix.com,22
electionmapsf.com,1
berkeleyca.gov,2
huffpost.com,4
sanleandro.org,1
cityoflamesa.us,6
riverbank.org,6
vote.indy.gov,88
visalia.city,19
red.msudenver.edu,4
walnutcreekca.gov,12
sjpl.org,16
denverchamber.org,3
www2.co.fresno.ca.us,2
rcoe.us,1
calvert.house.gov,1
rivcocob.org,1
buttevotes.net,7
cochamber.com,3
abc15.com,2
contracosta.ca.gov,3
arcgis.com,85
cityofmenifee.us,1
sccdp.org,3
careers.sharp.com,1
employment.ucsd.edu,1
aol.com,4
district2.acgov.org,1
oaklandca.gov,4
chico.ca.us,2
as.sdsu.edu,6
cpr.org,5
lwvcolorado.org,9
aclu-co.org,5
christianvoterguide.com,3
transformcolorado.org,1
denverpost.com,4
lwvdenver.org,2
csus.edu,16
ocfelections.com,367
rtd-denver.com,1
phoenixnewtimes.com,4
azdhs.gov,3
kfl.org,42
jurupavalley.org,5
web2.co.merced.ca.us,12
sanmiguelcountyco.gov,2
kpbs.org,5
lwvsandiego.org,2
stancounty.com,1
rmpbs.org,6
azcentral.com,2
judyschwiebert.com,1
humanlifereview.com,79
coloradodems.org,6
independent.co.uk,75
voterportal.servis.sos.state.nm.us,370
fortbendcountytx.gov,384
ci.camarillo.ca.us,1
alaskabeacon.com,37
napavalleyregister.com,1
apps.npr.org,16
surpriseaz.gov,3
mesaaz.gov,1
auroragov.org,1
myvotemyhealth.org,1
smartvoter.org,1
britannica.com,57
kcm.org,1
sanjoseca.gov,4
mtshastanews.com,1
cbs8.com,7
votehillsborough.gov,452
maderacollege.edu,3
fox40.com,3
imperialcountydems.com,9
azhousedemocrats.com,1
map.cityofventura.net,2
statewidedatabase.org,8
tsfaction.org,4
rwcpulse.com,1
hanfordsentinel.com,1
a19.asmdc.org,1
sierraclub.org,48
pnj.com,1
pressdemocrat.com,1
russianriverbrewing.com,1
svvoice.com,1
actionnewsnow.com,1
ada.gov,11
co.knox.il.us,8
acgov.org,2
pimamaps.pima.gov,2
ballotboxservices.com,1
sos.nm.gov,1236
elections.calaverasgov.us,1
redistricting-irc-az.hub.arcgis.com,4
maps.elections.org.za,1
lwvtx.clubexpress.com,775
casetext.com,3
sbcity.org,6
browardvotes.gov,345
isb.lavote.gov,5
workingfamilies.org,9
fuelourdemocracy.com,82
10news.com,5
countyofglenn.net,2
chico.newsreview.com,1
buttecounty.net,1
apps.weld.gov,2
historicalelectiondata.coloradosos.gov,1
mesacounty.us,1
sddemocrats.org,1
votetexas.gov,14675
coloradopolitics.com,4
livevoterturnout.com,1
sfbos.org,1
sfelections.sfgov.org,1
lwvnapa.com,1
mendocinocounty.gov,2
azfamily.com,2
japantimes.co.jp,6
votesearch.utah.gov,145
dalycity.org,1
cityofhanfordca.com,1
yorbalindaca.gov,3
cityoforoville.org,1
salinaspubliclibrary.org,2
sbsun.com,2
ocgov.com,1
spotlightpa.org,26
reformcalifornia.org,4
thedailybeast.com,2
kjzz.org,1
apps.azsos.gov,1
redlands.edu,1
denverdemocrats.org,1
poway.org,2
thesungazette.com,4
sjsuvotes.org,2
visaliatimesdelta.com,2
losbanos.org,3
lwvtucson.org,5
denverite.com,1
coloradowins.org,2
suttercounty.org,2
teamrv-mvp.sos.texas.gov,373
servicearizona.com,3
azaflcio.org,15
arizonalist.org,4
azmultihousing.org,4
tucsonrealtors.org,1
aznurse.org,3
stocktonca.gov,2
vrems.scvotes.sc.gov,5
sjsu.edu,2
humboldtgov.org,1
riversidecountygop.com,1
capradio.org,1
cityofsacramento.org,1
saccounty.net,2
saccounty.gov,1
bera.house.gov,1
ebay.com,1
2024election.procon.org,50
headcount.org,2
misenategop.com,7
libguides.mjc.edu,3
votealachua.com,28
pubmed.ncbi.nlm.nih.gov,8
electionmapping.ocgov.com,3
sos.wa.gov,1681
orangejuiceblog.com,1
voiceofoc.org,1
californiacitynews.org,1
cityofirvine.org,1
chalkbeat.org,41
thecalifornian.com,1
ksbw.com,2
issuu.com,1
aspentimes.com,1
leadershipcounsel.org,4
bluewavecoalitionmiamidade.com,21
cityofmarina.org,1
publicservice.asu.edu,2
coloradoforlife.org,2
tarrantdemocrats.org,51
bruinsvote.ucla.edu,2
schoolchoice.dpsk12.org,1
centennialco.gov,2
tucson.com,1
lwvsonoma.org,1
hollister.ca.gov,1
kktv.com,1
illinois.gov,16
voteunion.com,2
cityofalhambra.org,2
data.stocktonca.gov,1
sjmap.org,1
empowerla.org,1
phillipscounty.colorado.gov,1
everyneighborhood.org,1
fresno.gov,1
fresnolafco.org,1
valadaoforcongress.com,1
rollingstone.com,107
saltlakecounty.gov,292
electionsapps.kerncounty.com,2
tucsonsentinel.com,1
cityofsalinas.org,2
madera.gov,1
santamonica.gov,1
calstatela.edu,1
voteseminole.gov,149
one-colorado.org,1
nfib.com,52
valleychildrens.org,1
asucm.ucmerced.edu,1
yumagop.com,1
nationalcityca.gov,1
chulavistaca.gov,1
eshoo.house.gov,1
kyma.com,1
sanbernardinodemocrats.org,1
main.sbcounty.gov,1
bosd3.sbcounty.gov,1
coronaca.gov,1
spur.org,1
mahanforsanjose.com,1
nbcbayarea.com,1
knock-la.com,1
cid.usc.edu,1
alamosacitizen.com,1
dlg.colorado.gov,1
fcgov.com,1
pimadems.org,1
myschoolstucson.org,1
kingcounty.gov,662
web6.seattle.gov,80
spl.org,57
yakimacounty.us,95
whitewater-wi.gov,22
tnsharonwcwi.gov,9
snohomishcountywa.gov,256
seattle.gov,22
kitsap.gov,98
veronawi.gov,18
oconomowoc-wi.gov,17
cityoflakegeneva.gov,6
grantcountywa.gov,16
douglascountywa.net,39
adacounty.id.gov,89
sunnyside-wa.gov,50
spokanecounty.org,106
clerk.kanecountyil.gov,89
villageofsharon.com,19
cityofelkhorn.org,8
leg.wa.gov,25
portland.gov,3
voteroutreach.sos.mo.gov,7
beloitwi.gov,6
kcgov.us,35
maps.cookcountyil.gov,9
co.rock.wi.us,2
lwvskc.org,11
piercecountywa.gov,69
issaquahwa.gov,1
ci.delavan.wi.us,3
fox13seattle.com,25
redistricting.wa.gov,5
dol.wa.gov,22
cascadepbs.org,14
ethics.wi.gov,1
kenmorewa.gov,3
washingtonstatestandard.com,71
elections.sos.idaho.gov,67
kenoshacounty.org,4
townofwalworthwi.gov,6
townsharon.com,2
housedemocrats.wa.gov,24
franklincountywa.gov,152
islandcountywa.gov,15
yakimaherald.com,4
cityoftacoma.org,3
jayapal.house.gov,1
43rddemocrats.org,1
thurstoncountywa.gov,26
washingtonea.org,14
wfse.org,7
mtpleasantwi.gov,1
propublica.org,3
greencountywi.org,4
cityofsunprairie.com,5
wisconsinexaminer.com,2
detroitchamber.com,4
tvw.org,9
conservationvoters.org,5
weac.org,2
texas.gov,332
gisit.tarrantcounty.com,351
fortworthtexas.gov,245
tarrantcountytx.gov,361
lwvtarrantcounty.org,29
fox4news.com,257
bexar.org,5588
web.go-vote-tn.elections.tn.gov,5
lwvsa.org,198
statesman.com,1220
kwtx.com,19
statutes.capitol.texas.gov,663
vote.betoorourke.com,749
msnbc.com,35
foxnews.com,39
abc11.com,35
wrm.capitol.texas.gov,310
txdot.gov,424
redistricting.capitol.texas.gov,301
ftp.dot.state.tx.us,165
thenation.com,33
co.winkler.tx.us,103
dallasnews.com,9
texasrighttolifepac.com,155
texaspolitics.utexas.edu,97
cityofclovis.org,89
currycountynm.gov,31
parkercountytx.com,115
kbtx.com,43
kxii.com,30
collincountytx.gov,390
votedenton.gov,321
ridetrinitymetro.org,25
reevescounty.org,108
pwcvotes.org,560
fairfaxcounty.gov,960
vote.arlingtonva.gov,339
manassasva.gov,761
earlyvoting.dcboe.org,41
fairfaxvotes.org,42
votetravis.gov,943
apps.texastribune.org,777
utsa.edu,125
nisd.net,93
planyourvotesa.org,119
mysanantonio.com,8
traviscountytx.gov,87
countyclerk.traviscountytx.gov,150
do512.com,69
austintexas.gov,180
services.austintexas.gov,67
gregabbott.com,397
houstonchronicle.com,203
congressionalinstitute.org,101
co.la-salle.tx.us,66
wilcotx.gov,231
voterservices.elections.maryland.gov,119
texastaxpayers.com,146
texpac.org,149
ithaca.edu,45
news.bryant.edu,20
311.sanantonio.gov,26
co.pecos.tx.us,50
manassasparkva.gov,146
montgomerycountymd.gov,241
opendata.dc.gov,49
texasdemocrats.org,684
lwvaustin.org,262
rollingwoodtx.gov,24
cctexas.com,405
nuecesco.com,392
caller.com,42
webservices.sos.state.tx.us,786
bbm.sos.state.tx.us,296
law.lis.virginia.gov,43
maps.openlaredo.com,3
open-laredo.opendata.arcgis.com,3
kgns.tv,127
cityoflaredo.com,24
cuellar.house.gov,3
delawareonline.com,116
co.midland.tx.us,353
sa.gov,27
co.zapata.tx.us,68
fortworthreport.org,7
bu.edu,22
manassascitydemocrats.org,31
fallschurchva.gov,98
greenly.earth,33
tomgreencountytx.gov,132
parkercountytx.gov,25
results.texas-election.com,142
co.lamb.tx.us,10
texaseducatorsvote.com,14
votelubbock.org,661
lubbockonline.com,113
everythinglubbock.com,20
kcbd.com,81
sanantonio.gov,53
castro.house.gov,16
txvaluesaction.org,34
co.willacy.tx.us,117
hidalgocounty.us,330
guides.lib.utexas.edu,38
apps.wilco.org,11
bellcountytx.com,60
news.cctexas.com,29
cityofportaransas.org,113
kiiitv.com,206
kristv.com,66
dwd.wisconsin.gov,1
sedgwickcounty.org,185
vote.utah.gov,263
albemarle.org,24
co.titus.tx.us,93
guides.sll.texas.gov,88
co.moore.tx.us,124
webbcountytx.gov,356
co.kendall.tx.us,74
revivemyvote.wm.edu,6
spotsylvania.va.us,109
fauquiercounty.gov,49
washingtonexaminer.com,8
fox5dc.com,19
smith-county.com,73
jocoelection.org,151
herriman.gov,68
mclennan.gov,214
motherjones.com,19
tennesseelookout.com,13
valleycentral.com,149
cameroncountytx.gov,264
ndsmcobserver.com,109
valverdecounty.texas.gov,194
cityofdelrio.com,97
freevotersguide.com,155
lwvtexas.org,401
lmtonline.com,60
dispatch.com,3
web.culpepercounty.gov,137
votebymailva.org,16
wslc.org,5
co.starr.tx.us,41
dw.com,9
kermittexas.us,4
kxan.com,24
kvue.com,35
evans.uw.edu,2
elections.mywoodcounty.com,40
greggcountyvotes.com,5
vrapp.sos.state.tx.us,36
home.bexar.org,29
kens5.com,30
bushcenter.org,21
wmtw.com,30
johnsoncountytx.org,61
texashousedems.com,34
maverickdemocrats.com,76
sjc.utah.gov,34
kaysville.gov,36
co.cowlitz.wa.us,3
katu.com,13
daviscountyutah.gov,50
ksat.com,101
houstonpublicmedia.org,31
lwvwa.org,13
othellowa.gov,1
lakevotes.gov,6
co.adams.wa.us,1
whitmancounty.org,4
ccisd.us,12
nbcdfw.com,39
balconeswoods.swimtopia.com,19
northjersey.com,19
co.ector.tx.us,270
app.enhancedvoting.com,58
tri-cityherald.com,3
brookings.edu,23
chamberscountytx.gov,13
vpap.org,33
alexandriava.gov,33
oregonlive.com,2
myfoxzone.com,16
co.wise.tx.us,5
ketk.com,10
sanantonioreport.org,35
randallcounty.gov,82
michael-webert.com,6
academics.umw.edu,1
vavoterguide.com,12
thevirginiavoterguide.com,4
atascosacounty.texas.gov,6
charlottesville.gov,13
fredericksburgva.gov,20
madisonco.virginia.gov,14
michigan.gov,353
emsisd.com,5
krgv.com,2
co.terry.tx.us,26
thepreamble.com,10
tribnow.com,7
oregoncapitalchronicle.com,1
cleanvirginia.org,4
multco.us,19
clark.wa.gov,41
cityofkeller.com,1
voterlookup.ohiosos.gov,7
pasco-wa.gov,28
lwvmd.org,7
illinoisrighttolifeaction.org,9
sos.tn.gov,10
lubbockcounty.gov,14
co.ward.tx.us,18
tpr.org,1
co.ochiltree.tx.us,23
monroecounty.gov,122
bentoncountywa.gov,15
vote.asuw.org,5
ccrta.org,20
redtoblue.dccc.org,8
weberelections.gov,14
midlandtexas.gov,3
midlandisd.net,1
kinggeorgecountyva.gov,2
pwcva.gov,15
whosmy.virginiageneralassembly.gov,33
cline.house.gov,12
planning.maryland.gov,6
theconversation.com,3
newslit.org,1
secure.utah.gov,3
nslcity.org,16
vote.utahcounty.gov,31
ogdencity.com,7
txapps.texas.gov,18
myrgv.com,23
imis.county.org,23
westjordan.utah.gov,2
slc.gov,5
wvc-ut.gov,2
mrt.com,3
cityofrobstown.com,30
fox7austin.com,44
king5.com,15
summitcountyutah.gov,4
gisweb.pwcva.gov,9
wexton.house.gov,3
apps.senate.virginia.gov,4
fox23maine.com,3
yahoo.com,6
conchovalleyhomepage.com,25
wfaa.com,61
co.zavala.tx.us,21
sistersunitedalliance.com,19
seattlechannel.org,18
voter.votewa.gov,7
house.utleg.gov,1
kptv.com,2
newswest9.com,27
allintovote.org,5
kut.org,3
thestranger.com,2
13newsnow.com,5
khou.com,112
kflpac.org,17
apps.dcboe.org,12
tax-office.traviscountytx.gov,19
portlandoregon.gov,6
mddems.org,11
kendallcountytx.gov,11
cfr.org,5
co.reagan.tx.us,7
gazette.com,2
virginia.gop,1
washingtoncountyor.gov,1
towntalkradio.com,1
co.sherman.tx.us,4
texasgop.org,17
keprtv.com,8
splcenter.org,14
clovis-schools.org,2
co.guadalupe.tx.us,16
electionresults.utah.gov,9
tea.texas.gov,7
psd1.org,4
elections.mctx.org,42
svrep.org,3
westlakehills.org,6
cotullaisd.net,2
candidate.texas-election.com,2
wgme.com,1
houstontx.gov,5
thetexan.news,2
elections.alaska.gov,6
ksl.com,3
cityofdelafield.com,1
tota.org,3
voter.virginiabeach.gov,5
mynorthwest.com,3
ci.sherman.tx.us,1
co.comal.tx.us,10
orem.org,6
hanovercounty.gov,8
rockinghamcountyva.gov,3
lwv-cctx.clubexpress.com,2
votervoice.net,10
princegeorgescountymd.gov,43
wtvr.com,11
highplainsobserverdumas.com,3
cityoffortstockton.com,4
utah.gov,6
boxeldercountyut.gov,5
highlandut.gov,3
utahcounty.gov,7
tetoncountywy.gov,2
lehi-ut.gov,1
ktalnews.com,3
sslc.gov,2
grandcountyutah.net,3
ci.lubbock.tx.us,8
betterutahinstitute.org,4
acluutah.org,1
virginiamercury.com,10
news4sanantonio.com,10
austinchronicle.com,4
opb.org,3
arlingtontx.gov,4
ahomewithhope.org,3
wdbj7.com,7
whsv.com,3
rideuta.com,2
www8.honolulu.gov,6
missioncitycontainer.com,5
powhatanva.gov,5
virginiabeach.gov,2
reddit.com,4
precinctportal.org,8
othelloschools.org,3
weber.house.gov,1
chicagotribune.com,10
vote.elections.virginia.gov,27
policy.thsc.org,118
frederickcountymd.gov,35
sos.arkansas.gov,1
stateline.org,1
young.scot,2
loudountimes.com,2
wthr.com,1
gis.elpasotexas.gov,6
arkansashouse.org,2
star-telegram.com,4
ucdavis.edu,89
fox26houston.com,50
artexas.org,7
deseret.com,1
brazoriacountyclerktx.gov,24
centerforpolitics.org,53
atxtoday.6amcity.com,2
seiu775.org,2
wa.aft.org,2
seiu925.org,2
fcva.us,1
neisd.net,2
norfolk.gov,4
bigbendsentinel.com,2
myhighplains.com,1
firstalert7.com,5
www2.tulsacounty.org,15
mgaleg.maryland.gov,5
yourbasin.com,3
irs.gov,4
huntcounty.net,1
tcta.org,2
orangecountyva.gov,1
civilrights.org,3
co.ellis.tx.us,5
cascadiadaily.com,1
kuer.org,1
expressnews.com,8
suffolkva.us,2
nces.ed.gov,3
doggett.house.gov,1
sos.ks.gov,768
dumasisd.org,1
vote.poweredxpeople.org,2
nnva.gov,1
louisacounty.gov,5
iredellcountync.gov,2
cbsaustin.com,3
shenandoahcountyva.gov,1
teachdemocracy.org,102
library.csum.edu,87
the-independent.com,48
sarasotavotes.gov,84
economics.byu.edu,111
educationvotes.nea.org,93
cnbc.com,8
wake.gov,1
nationalreview.com,2
electoralcommission.ie,3
uscode.house.gov,20
bakerinstitute.org,2
yakimawa.gov,1
hopewellva.gov,1
nrlc.org,9
vahousedems.org,2
summitcounty.org,1
secretservice.gov,5
krem.com,3
epbusinessjournal.com,1
votebeat.org,5
krtv.com,6
pottercountytexasvotes.gov,8
dcovotes.dconc.gov,1
sos.idaho.gov,11
progresstexas.org,3
fox13now.com,1
indivisible.org,1
jamescitycountyva.gov,1
theweek.com,1
cnet.com,5
variety.com,8
texasaft.org,1
ci.brookfield.wi.us,1
fitchburgwi.gov,1
vote.wisc.edu,1
lwvme.org,8
champaigncountyclerk.com,2
esc17.net,1
newscientist.com,1
cdn.kingcounty.gov,1
sanpatriciocountytx.gov,1
co.presidio.tx.us,1
wellesleyma.gov,17
wbur.org,2
businessinsider.com,1
brandeis.edu,1
euronews.com,3
barrons.com,1
waterburyct.org,80
lee.vote,258
dos.fl.gov,1206
voterfocus.com,157
news-press.com,28
colliervotes.gov,127
fox4now.com,19
votedesoto.com,50
miamidade.gov,263
myfloridaelections.com,309
clickorlando.com,3
orlando.gov,47
volusiaelections.gov,9
lakevotes.com,137
voteosceola.gov,146
votecitrus.gov,35
wusf.org,32
polkelections.com,248
voteindianriver.com,65
hendryelections.org,64
votemanatee.com,174
deliveryourvote.com,69
ocfelections.gov,48
voteindianriver.gov,21
orlandosentinel.com,19
ruthslistfl.org,9
sun-sentinel.com,18
feaweb.org,14
flic.vote,46
pascovotes.gov,69
miamiherald.com,8
files.floridados.gov,29
whosontheballot.org,87
osceolavotes.com,9
registration.elections.myflorida.com,20
registertovoteflorida.gov,85
soecharlottecountyfl.gov,38
votepinellas.gov,182
wesh.com,61
votebrevard.gov,37
ocls.org,2
wtsp.com,18
hernandovotes.gov,8
gwtoday.gwu.edu,17
slcelections.com,11
miamidadedems.org,24
flsenate.gov,14
discover.pbc.gov,1
myfloridahouse.gov,65
discover.pbcgov.org,1
windhamct.gov,35
states.aarp.org,22
miami.gov,30
southbury-ct.org,5
polkelections.gov,1
stpete.org,20
boynton-beach.org,10
gis.waterburyct.org,2
highereddive.com,8
pbcdemocraticparty.org,26
wpbf.com,5
flaglerelections.com,18
tampabay.com,13
votehighlands.com,7
aclufl.org,27
sumterelections.org,19
tripartisancanvas.com,11
floridafamilyaction.org,4
fortlauderdale.gov,14
results.elections.myflorida.com,14
floridaelectionwatch.gov,14
palmbeachvotes.gov,4
gis.fortlauderdale.gov,21
browarddemocrats.org,28
11alive.com,14
shop.bluewavepostcards.org,4
lwvnewton.org,79
capecoralbreeze.com,1
coralspringstalk.com,3
lauderdalelakes.org,4
fox35orlando.com,7
mobilize.us,1
hindustantimes.com,88
citynmb.com,17
local10.com,3
semdems.com,6
palmettobay-fl.gov,10
miamibeachfl.gov,9
lwvspa.org,10
aftct.org,1
stpetebeach.org,4
ulpbc.org,6
boyntonbeachcra.com,1
flsd.uscourts.gov,14
greenwichtime.com,1
thehour.com,3
ocoee.org,20
nonprofitvote.org,8
townofpalmbeach.com,1
darienct.gov,3
hollywoodfl.org,1
rep-am.com,2
lwvmiamidade.org,4
broward.org,3
ilovetheburg.com,1
wfla.com,1
files.pinellas.electionsfl.org,1
engage.miami,2
lakelandgov.net,9
dolphindems.org,2
ncbi.nlm.nih.gov,11
dailykos.com,13
orangecountyfl.net,1
cityofbonitasprings.org,3
tampa.gov,2
lighthousepointfl.gov,1
naplesnews.com,1
wlrn.org,1
watertownct.org,2
lwvbroward.org,6
capecoral.gov,3
floridadems.org,1
theledger.com,2
osceola.org,1
mdc.edu,3
icpsr.umich.edu,1
stamfordelections.com,1
nhrtlpac.org,16
gis.hcso.tampa.fl.us,1
myboca.us,1
delraybeachfl.gov,1
ci.punta-gorda.fl.us,1
wsvn.com,1
steube.house.gov,1
pinellas.gov,1
geohub-csp.opendata.arcgis.com,1
vernon-ct.gov,1
cms4files.revize.com,1
leegov.com,1
uri.edu,7
courtney.house.gov,1
highlandbeach.us,1
avonct.gov,1
abcactionnews.com,1
orangefldemocrats.com,3
cityofwinterpark.org,1
lauderdalebythesea-fl.gov,1
holyoke.org,98
easthamptonma.gov,26
springfield-ma.gov,114
fitchburgma.gov,197
worcesterma.gov,239
mass.gov,610
tewksbury-ma.gov,10
altamonte.org,17
chelseama.gov,43
newtonma.gov,53
finneycounty.org,126
willcountyclerk.gov,93
darien.il.us,20
fordcounty.net,73
lowellma.gov,156
cityofmethuen.net,34
methuen.gov,43
gwinnettcounty.com,130
lawrencevillega.org,8
news.wttw.com,17
nbcchicago.com,80
myvoteinfo.voteks.org,77
kceb.org,54
watertown-ma.gov,48
unitedcenter.com,9
votesforwomen.cliohistory.org,2
ivoterguide.com,8
woodsoncounty.net,26
wycovoteskck.gov,25
dgcoks.gov,78
somervillema.gov,135
brooklinema.gov,30
boston.com,4
revere.org,96
kansas.gov,40
northamptonma.gov,69
lynnma.gov,102
cspa.tufts.edu,24
cityofeverett.com,46
bmrb.org,1
naperville.il.us,55
abc7chicago.com,41
leominster-ma.gov,91
bonnevillecountyidaho.gov,42
co.jefferson.id.us,6
gaithersburgmd.gov,108
cityofarcadiawi.com,39
forsythco.com,2
concordma.gov,37
wcvb.com,18
cityoflawrence.com,169
electionstats.state.ma.us,24
westernmassnews.com,4
wycokck.org,6
chicagovotes.com,4
lwvchicago.org,2
wibw.com,6
kctv5.com,4
kwch.com,6
miamicountyks.org,1
andoverma.gov,8
bostonplans.org,13
malegislature.gov,67
cityofboston.gov,3
fultoncountyga.gov,47
theatlantavoice.com,18
aurora-il.org,52
chippewafalls-wi.gov,11
sewardcountyks.org,109
lexingtonma.gov,23
rileycountyks.gov,71
gearycounty.org,5
plymouth-ma.gov,14
gurnee.il.us,18
lowellvotes.org,12
salemstate.edu,29
cms5.revize.com,12
needhamma.gov,5
weston.org,6
clintonma.gov,67
civicengagement.illinoisstate.edu,22
illinoisvoterguide.org,24
annapolis.gov,7
jcebmo.org,13
salemma.gov,50
howardcountymd.gov,31
app.chicagoelections.com,14
cityofwestfield.org,24
middleboroughma.gov,12
sos.ga.gov,40
cityofmalden.org,20
kssos.org,33
securemyabsenteeballot.sos.ga.gov,5
dekalbcountyga.gov,20
boe.baltimorecity.gov,8
nhpr.org,5
rockvillemd.gov,4
iecam.illinois.edu,6
ides.illinois.gov,10
lwvil.org,5
votersguide.elections.il.gov,4
arlingtonma.gov,14
quincyma.gov,12
elections.carrollcountymd.gov,12
bucoks.com,4
kshb.com,2
stephanieskora.com,2
chelmsfordma.gov,9
electionsource.com,19
personalpac.org,8
calvertcountymd.gov,4
baltimorecountymd.gov,2
wbaltv.com,2
henrycty.com,1
ecfr.eu,8
marylandattorneygeneral.gov,7
aurorapubliclibrary.org,4
waukegantownship.com,7
idahocapitalsun.com,3
votercheck.necvr.ne.gov,92
electionresults.dcboe.org,1
gis3.montgomerycountymd.gov,4
dupage.maps.arcgis.com,2
ashlandmass.com,5
medfordma.org,1
gardner-ma.gov,4
montanaindependentnews.com,4
elections.inyocounty.us,1
forestpark.net,2
elections.suntimes.com,2
gacities.com,1
nikemawilliams.house.gov,1
nbcboston.com,1
brockton.ma.us,5
chicago.suntimes.com,2
idahofallsidaho.gov,2
eagletribune.com,1
ask.salemstate.edu,3
coloradosenaterepublicans.com,1
acluidaho.org,4
idahocounty.org,3
wnpl.info,2
lynnunited.org,5
natesilver.net,11
stlouiscountymo.gov,1
marlborough-ma.gov,1
app.sos.nh.gov,3
lakevillema.org,3
wwlp.com,8
cumberlandcountypa.gov,4
co.lancaster.pa.us,17
lwvmocomd.org,4
aclu-il.org,6
accgov.com,3
claytoncountyga.gov,3
co.newton.ga.us,1
gwinnettdailypost.com,1
ilhousedems.com,1
thebeaconnews.org,3
minidoka.id.us,5
kslegislature.gov,13
blockclubchicago.org,14
anc.dc.gov,1
marylandmatters.org,3
localnews8.com,2
ktvb.com,1
cobbcounty.org,3
hingham-ma.gov,1
sandwichmass.org,1
greenvoterguidema.com,6
gophouse.org,2
sdsos.gov,12
danversma.gov,4
amherstma.gov,3
opkansas.org,2
northandoverma.gov,2
equalityillinois.us,5
kanecountyil.gov,1
ilsos.gov,3
iga.in.gov,3
snco.gov,5
kdor.ks.gov,13
lwvk.org,2
bostonherald.com,1
kansasreflector.com,2
uml.edu,1
votesjc.gov,1
vniles.com,1
eapl.org,3
co.fremont.id.us,5
maps.lakecountyil.gov,5
legislature.idaho.gov,5
cityofboise.org,1
pahouse.com,9
indianexpress.com,15
dupageresults.gov,2
ksrevisor.org,1
lincolntown.org,1
georgiademocrat.org,1
wilbraham-ma.gov,2
boston25news.com,2
operations.chicagopolice.org,1
chicago.gov,1
projects.chalkbeat.org,1
gwinnettchamber.org,1
nz.usembassy.gov,4
brcoks.org,1
westmont.illinois.gov,8
votedouglascounty.com,99
s3.us-west-2.amazonaws.com,1
richmccormick.us,4
gwinnettdemocrats.com,3
tnmap.tn.gov,1
thegeorgiavoterguide.com,1
ajc.com,1
mcdcc.org,2
kcmo.gov,3
maps.jocogov.org,1
kansasfamilyvoice.com,1
bpl.org,2
readingma.gov,2
kendallcountyil.gov,4
burnettcountywi.gov,4
wheaton.il.us,1
richardhowe.com,1
msa.maryland.gov,2
mdpgis.mdp.state.md.us,1
lacrossecounty.org,1
electionresults.sos.state.mn.us,1
co.trempealeau.wi.us,1
washingtoncountymn.gov,3
dedham-ma.gov,2
lynntv.org,2
cityofhaverhill.com,1
lkldnow.com,1
berriencounty.org,13
twinfallscounty.org,1
thewomens.org.au,1
waltoncountyga.gov,2
gisprod.adacounty.id.gov,2
natickma.gov,1
napervilletownship.com,1
citycouncil.atlantaga.gov,1
osageco.org,3
gismaps.fultoncountyga.gov,1
kansaschamber.org,1
surs.org,2
olmstedcounty.gov,2
cityoflakeforest.com,1
peachtreecornersga.gov,4
augustaga.gov,1
bedfordma.gov,1
waukeganil.gov,1
wps60.org,1
atlantanewsfirst.com,1
nuvotes.org,3
buffalocountywi.gov,4
idahodems.org,1
georgiaequalitypac.org,1
gawinlist.com,1
gcvoters.org,1
s1.sos.mo.gov,1
jacksoncountygov.com,1
fayettecountyga.gov,1
mnvotes.sos.state.mn.us,2
wgntv.com,1
kslegresearch.org,1
mymcmedia.org,1
idahostatesman.com,1
btu.org,1
voteclaycountymo.gov,4
grtlpac.org,1
clerk2.kanecountyil.gov,2
suffolk.edu,1
platinumelectionresults.com,2
massvote.org,1
cityoflaurel.org,2
franklincoks.org,2
town.lynnfield.ma.us,1
assets01.aws.connect.clarityelections.com,1
elmhurst.org,1
insidelowell.com,1
egis.atlantaga.gov,1
dot.ga.gov,1
wickedlocal.com,1
wabe.org,1
nctv17.org,1
ctulocal1.org,1
telegram.com,2
binghamid.gov,1
cboeprod.blob.core.usgovcloudapi.net,1
orlandpark.org,1
milfordma.gov,1
braintreema.gov,1
cowleycountyks.gov,1
lakecountyil.maps.arcgis.com,1
macoupinvotes.gov,1
wjla.com,1
co.blaine.id.us,1
cityofevanston.org,1
westchicago.org,1
centerlw.org,1
vanburencountymi.gov,14
townofwestspringfield.org,23
lansingvotes.gov,10
ci.southbridge.ma.us,31
porthuron.org,43
fortgratiot.us,17
parktownship.org,2
grafton-ma.gov,9
indy.gov,1
michiganvoting.org,20
detroitvotes.org,13
stclaircountyclerk.org,37
macombgov.org,3
clintontownship.com,22
indtwp.com,2
porthurontownship.org,9
sterlingheights.gov,3
lwvmi.org,6
scsmi.net,8
mtvoter.org,1
co.muskegon.mi.us,3
boe.ottawa.oh.gov,1
waynecounty.com,1
thetimesherald.com,1
legislature.mi.gov,6
detroitmi.gov,3
accesskent.com,25
wilx.com,3
co.jackson.mi.us,3
washtenaw.org,4
miottawa.org,41
portagemi.gov,13
mcgi.state.mi.us,6
findmydistrict.ohiosos.gov,3
allegancounty.org,42
massaflcio.org,1
oakgov.com,1
shelbytwp.org,1
michiganlcv.org,3
michfb.com,3
michamber.com,3
ctvmichigan.org,4
equalitymiaction.org,3
porterco.org,4
thereminder.com,2
miaflcio.vote,1
meavotes.org,1
spectrumnews1.com,5
cityofholland.com,6
indianavoters.in.gov,2
indianahousedemocrats.org,1
house.mi.gov,3
clickondetroit.com,1
saginawcounty.com,1
kalcounty.com,8
grandrapidsmi.gov,4
yelp.com,1
koordinates.com,1
cityofinkster.com,1
a2gov.org,1
romi.gov,1
waterfordmi.gov,1
freep.com,1
rochesterhills.org,1
cityofrichmond.net,1
co.andrews.tx.us,54
boe.cuyahogacounty.gov,140
case.edu,8
voteloraincountyohio.gov,20
boe.ohio.gov,12
starkcountyohio.gov,1
pawtucketri.gov,12
smithfieldri.gov,40
ballotapplication.elections.ny.gov,58
bergencountyclerk.gov,68
elections.ri.gov,34
election.providencejournal.com,6
portal.sos.state.nm.us,150
ny.gov,15
e-register.vote.nyc,4
nysaflcio.org,13
nylcv.org,7
nysut.org,6
seventy.org,73
berkspa.gov,113
buffalocounty.ne.gov,29
donaanacountyelections.com,114
donaanacounty.org,11
lwvnm.org,17
lwvcnm.org,49
leacounty.net,30
on.nyc.gov,168
voteearlyny.org,78
nyc.gov,132
cpl.org,29
lehighcounty.org,104
vr.co.lancaster.pa.us,5
webapp07.montcopa.org,6
passaiccountynj.org,146
cityofpassaic.com,15
chavescounty.gov,95
roswell-nm.gov,63
unioncountyvotes.com,75
countyelectionresults.nebraska.gov,6
electionresults.nebraska.gov,6
wowt.com,1
townofrochester.ny.gov,24
whyy.org,15
nyccfb.info,14
vote.pa,40
votemorelle.com,14
townofpittsford.org,11
perinton.org,3
lehighdemocrats.org,56
camdencounty.com,94
chnj.gov,46
trackmyballot.nj.gov,6
lwvgreatercleveland.org,14
cleveland19.com,6
co.burlington.nj.us,41
wxxinews.org,5
lcsun-news.com,15
washoecounty.gov,106
rgj.com,33
home.forwardparty.com,3
westreadingborough.com,27
judge4yourself.com,3
housedemocrats.maine.gov,3
andrewscountytax.com,5
elections.woodburycountyiowa.gov,30
designegov.nebraska.gov,20
khanacademy.org,3
yorkcountypa.gov,1
centralfallsri.gov,69
atlas.phila.gov,7
vote.upenn.edu,39
inquirer.com,8
oklahoma.gov,56
lwv-rma.org,9
whec.com,4
cranstonri.gov,67
portsmouthri.gov,15
millvillenj.gov,41
gloucestercountynj.gov,42
sourcenm.com,1
ucnj.org,119
mercercounty.org,25
monmouthcountyvotes.com,82
hudsoncountyclerk.org,61
nassaucountyny.gov,42
apps2.suffolkcountyny.gov,1
co.hunterdon.nj.us,10
atlanticcountyclerk.org,10
cumberlandcountyvotes.com,9
ballot.seventy.org,7
pafamilyvoter.com,3
philaculture.org,1
rrnm.gov,15
providencejournal.com,12
essexboardofelections.com,75
essexclerk.com,20
texas.okcounties.org,14
results.okelections.gov,1
kswo.com,1
taoscounty.org,74
publicreporting.elections.ny.gov,8
warrencountyvotes.com,11
monroedemocrats.com,4
ontariocountyny.gov,8
northprovidenceri.gov,45
uppermac.org,9
lowermac.com,6
cabq.gov,117
thephiladelphiacitizen.org,9
satellite-offices.philadelphiavotes.com,4
13wham.com,12
elections.erie.gov,6
cltr.douglascountynv.gov,9
washoelife.washoecounty.gov,2
lehighvalleynews.com,5
elizabethnj.org,3
elpasotimes.com,96
lwvsnm.org,3
data.cityofnewyork.us,11
cleanwater.org,2
elec.nj.gov,11
mcall.com,4
rochester.edu,6
koco.com,5
okpolicy.org,3
providenceri.gov,43
burrillville.org,15
bernco.gov,5
njspotlightnews.org,6
sarpy.gov,69
lancaster.ne.gov,39
ketv.com,6
newjerseymonitor.com,8
nebraska.gov,37
livingstoncountyny.gov,9
cayugacounty.us,3
orleanscountyny.gov,1
taosnm.gov,8
justice.gov,1
narragansettri.gov,7
warwickri.gov,29
cumberlandri.org,7
candidateportal.servis.sos.state.nm.us,6
meredithfornewmexico.com,3
votebymailnj.org,1
kob.com,9
krqe.com,8
results.bernco.gov,3
koat.com,3
losalamosnm.us,2
rocklandcountyny.gov,4
vote.hcnj.us,42
news5cleveland.com,8
cleveland.com,6
montclairnjusa.org,1
wpri.com,11
vinelandcity.org,16
edgewaterpark-nj.com,2
electionresults.sos.nm.gov,26
ccclerknj.com,18
libguides.nypl.org,2
mygovnyc.org,3
latfor.state.ny.us,15
nyassembly.gov,1
wpr.org,1
littlechutewi.org,1
registrar.providence.edu,1
libguides.unm.edu,10
wesa.fm,1
njsba.org,7
njlcv.org,4
lascruces.org,3
hosting.okelections.gov,28
voteyourvaluesok.com,19
libguides.ccp.edu,7
nysenate.gov,29
oklegislature.gov,3
lucas.house.gov,1
wbay.com,2
ramseycounty.us,2
morriscountyclerk.org,17
jerseycitynj.gov,38
citizenactionny.org,4
lascruces.gov,8
sos.state.oh.us,23
miottawavotes.gov,1
necatholic.org,4
colfaxcountyne.gov,6
ohio.gov,5
cms3.revize.com,7
paaflcio.com,2
representpa.org,2
psta.org,2
elections.co.berks.pa.us,2
readingeagle.com,4
weareplannedparenthood.org,18
islipny.gov,7
isliplibrary.org,3
risd.k12.nm.us,1
co.somerset.nj.us,54
warrennj.org,2
chplnj.org,8
padems.org,3
ny1.com,5
nypl.org,4
sussexcountyclerk.org,6
nevadaconservationleague.org,1
cityofandrews.org,2
lookup.boe.ohio.gov,8
cityofattleboro.us,12
philly8thward.org,1
rhode-island-legislative-districts-downloader-tool-ridos.hub.arcgis.com,3
rihousing.com,3
lwvgo.org,8
stansbury.house.gov,5
democratandchronicle.com,14
lincolnri.gov,4
henrietta.org,12
irvingtonny.gov,6
westonwi.gov,7
hobokennj.gov,7
dakotacounty.ne.gov,7
orangecountygov.com,4
reno.gov,4
silverstateelection.nv.gov,5
custer.okcounties.org,2
ou.edu,1
srca.nm.gov,1
madisoncountyne.gov,2
okvoterportal.okelections.gov,4
eastprovidenceri.gov,3
lascrucesbulletin.com,1
newsroom.unl.edu,1
signalcleveland.org,1
daytondailynews.com,1
wfmz.com,6
leg.state.nv.us,3
ohiohouse.gov,2
abqlibrary.org,4
gtwp.com,2
hct.holland.mi.us,1
pcdems.com,1
1011now.com,1
3newsnow.com,1
townofvictorny.gov,3
data.jerseycitynj.gov,7
newrochelleny.com,6
columbiana.boe.ohio.gov,1
lakecountyohio.gov,3
vote.franklincountyohio.gov,1
6abc.com,2
njpen.com,1
webfiles.clarkcountynv.gov,2
muhlenbergtwp.com,10
kolotv.com,2
lwvberks.org,3
guymonok.org,19
hidalgocounty.org,3
douglascountyclerk.org,9
nebraskalegislature.gov,21
lifepac.net,3
paprolife.org,3
portal.311.nyc.gov,3
mielections.us,1
twp.woodbridge.nj.us,4
voterdrivecle.com,1
butlercountyne.gov,1
cityofsummit.org,3
fortleenj.org,2
nebraskaexaminer.com,4
nationalcivicleague.org,2
norcopa.gov,5
data.cityofrochester.gov,1
nebraskarighttolife.org,6
sessions.house.gov,1
canadiancounty.org,1
carson.org,5
cityoffernley.org,2
fairdistrictsnj.org,7
legis.delaware.gov,1
sos.vermont.gov,2
taosvotesblue.com,2
muskegonvotes.com,1
lakishaforyonkers.com,4
abc7ny.com,2
hca.nm.gov,3
camdencountydemocrats.com,1
readingpa.gov,1
legis.state.pa.us,10
fairdistrictspa.com,3
phila.gov,1
districts.phillypolice.com,1
co.valencia.nm.us,3
nebraskavoterguide.com,2
schuylkillcountypa.gov,2
cms6.revize.com,5
opengov.sos.ri.gov,3
rilegislature.gov,3
fennville.gov,1
democratsserve.org,2
southkingstownri.gov,1
mcgisweb.co.middlesex.nj.us,1
voterguide.flatwaterfreepress.org,1
grandhaven.org,4
lohud.com,1
news.unm.edu,2
otsegocountymi.gov,1
battlecreekmi.gov,3
docs.legis.wisconsin.gov,5
newjerseyglobe.com,1
co.sanmiguel.nm.us,2
bethlehemtownship.org,2
unr.edu,1
ypl.org,2
andrews.esc18.net,1
suffolktopicguides.org,1
nbcphiladelphia.com,1
mynews4.com,2
cityofwestlake.org,6
legislative.ncsa.org,2
data.gis.ny.gov,8
portagecounty-oh.gov,1
careers.chop.edu,1
meng.house.gov,2
carboncountypa.gov,1
rdrnews.com,1
woonsocketri.gov,5
cvnm.org,1
vote.mahoningcountyoh.gov,1
elections.bcohio.gov,1
kvia.com,3
vote.wisdems.org,1
ideastream.org,1
nebraskapublicmedia.org,2
eastgreenwichri.com,1
lwvny.org,2
sccmo.org,1
westorange.org,1
westchestergov.com,4
nebraskademocrats.org,1
legislature.ohio.gov,1
gis.cuyahogacounty.us,1
clevelandcitycouncil.org,1
olvr.ohiosos.gov,1
hhs.cuyahogacounty.gov,1
ohea.org,1
cbctc.org,1
rochesterfirst.com,3
wzzm13.com,1
stanfordmag.org,1
njrtl-pac.org,1
codes.ohio.gov,1
former.okhouse.gov,1
oksenate.gov,1
lwvlehighcounty.org,1
bellportvillageny.gov,1
titus.house.gov,1
mountephraim-nj.com,1
wnep.com,2
electoralcommission.org.uk,1
okvoterguide.com,1
agencies.monroecountypa.gov,1
churchillcountynv.gov,1
brown.edu,1
keranews.org,1
uft.org,1
bayonnenj.org,1
nbcnewyork.com,1
elkocountynv.net,1
lcps.net,1
yonkersny.gov,1
westchesterlegislators.com,1
lwvohio.org,2
ci.rochester.mi.us,1
dc47.org,1
wkyc.com,1
eresults.geauga.oh.gov,1
billypenn.com,1
wkbn.com,1
phila2ndward.org,1
phillyaflcio.org,1
rtlaohio.org,1
ohiolife.org,1
ohiovoterguide.org,1
ballotboxonline.com,1
co.kleberg.tx.us,25
waukesha-wi.gov,1
texomashomepage.com,8
refloh2o.com,1
glendale-wi.gov,1
ci.greenfield.wi.us,1
knoxcountytexas.org,2
dallascollege.edu,21
lwvdallas.org,57
houston.culturemap.com,3
findingspress.org,1
co.dawson.tx.us,54
co.floyd.tx.us,40
co.edwards.tx.us,13
appfiles.harrisvotes.com,3
hctax.net,24
houstonsunsetheights.org,12
brownsvilletx.gov,56
highlandvillage.org,58
www2.elpasotexas.gov,44
ktsm.com,14
abc13.com,8
vote.houstonlanding.org,3
co.deaf-smith.tx.us,10
co.bee.tx.us,50
co.castro.tx.us,2
lwvhouston.org,20
pharr-tx.gov,20
dalharttx.gov,2
amarillo.com,6
app.harrisvotes.com,29
co.hockley.tx.us,21
alwv.clubexpress.com,1
ci.friendswood.tx.us,5
elpasomatters.org,5
dallascityhall.com,6
cityofdenton.com,2
farmersbranchtx.gov,1
co.gonzales.tx.us,42
library.cityoflewisville.com,2
gosanangelo.com,2
texasstandard.org,1
utrgv.edu,3
cdnsm5-ss4.sharpschool.com,9
burnetcountyelections.com,1
cityofalpine.com,2
garlandtx.gov,1
cityofalice.org,3
houstonvotersguide.org,6
gonzalesisd.net,4
southwestkey.org,1
elpasotexas.gov,1
co.crockett.tx.us,3
ci.lamesa.tx.us,8
ncregister.com,1
fox43.com,1
co.jim-hogg.tx.us,2
sugarlandtx.gov,2
tx-hidalgocounty.civicplus.com,4
lamesaisd.net,1
dallaspolice.net,1
flowermound.gov,3
collincountygop.org,1
gonzales.texas.gov,3
cityofmesquite.com,3
newtools.cira.state.tx.us,1
dartdaily.dart.org,1
cp4.harriscountytx.gov,1
levellandtexas.org,4
rosenbergtx.gov,1
apps.co.hidalgo.tx.us,2
levellandnews.net,1
el-paso-county-elections.s3.amazonaws.com,1
newschannel10.com,1
abc7amarillo.com,1
kaufmancounty.net,1
tsc.edu,1
co.bailey.tx.us,1
dallaslibrary2.org,1
odessa-tx.gov,2
coppelltx.gov,1
co.waller.tx.us,1
vctx.org,2
beevilletx.org,1
click2houston.com,3
elpasoinc.com,1
mchodessa.com,1
psjaisd.us,1
pac.thecaucus.org,1
